experiment_id,dataset,attack_strategy,fl_type,topology,node_count,dp_enabled,dp_epsilon,dp_privacy_level,attack_success,confidence_score,best_attack_type,comm_pattern_score,param_magnitude_score,topology_structure_score,topology_vulnerability,communication_complexity,dp_protection_effective,signal_strength_with_dp,size_category,attack_scalability_score,runtime_seconds
1,mnist,sensitive_groups,federated,star,5,False,,no_dp,True,0.8,Communication Pattern Attack,0.8,0.0006929069902525531,0.40909434801388667,0.8,4,True,0.0,small,0.8,43.15111804008484
2,mnist,sensitive_groups,federated,complete,5,False,,no_dp,True,0.8,Communication Pattern Attack,0.8,0.0005031129345521,0.6279591162440711,0.8,10,True,0.0,small,0.8,29.99499487876892
3,mnist,sensitive_groups,decentralized,ring,5,False,,no_dp,True,0.9291647878011526,Topology Structure Attack,0.6,0.02726234881609587,0.9291647878011526,0.9291647878011526,5,True,0.0,small,0.9291647878011526,31.00995945930481
4,mnist,sensitive_groups,decentralized,complete,5,False,,no_dp,True,0.8,Communication Pattern Attack,0.8,0.014015360617254566,0.5287259158729616,0.8,10,True,0.0,small,0.8,31.975789785385132
5,mnist,sensitive_groups,decentralized,line,5,False,,no_dp,True,0.8590013420447731,Topology Structure Attack,0.8,0.019670184928108334,0.8590013420447731,0.8590013420447731,4,True,0.0,small,0.8590013420447731,29.54170274734497
6,mnist,sensitive_groups,federated,star,5,True,16.0,weak_dp,True,0.9278938599083113,Topology Structure Attack,0.8,0.0012113410590592435,0.9278938599083113,0.9278938599083113,4,False,0.9278938599083113,small,0.9278938599083113,42.65596675872803
7,mnist,sensitive_groups,federated,complete,5,True,16.0,weak_dp,True,0.8,Communication Pattern Attack,0.8,0.0009294961799521798,0.4305137277254621,0.8,10,False,0.8,small,0.8,41.62952899932861
8,mnist,sensitive_groups,decentralized,ring,5,True,16.0,weak_dp,True,0.7267396912697927,Topology Structure Attack,0.6,0.0019183347635263368,0.7267396912697927,0.7267396912697927,5,False,0.7267396912697927,small,0.7267396912697927,42.44362139701843
9,mnist,sensitive_groups,decentralized,complete,5,True,16.0,weak_dp,True,0.9324302752700196,Topology Structure Attack,0.8,0.001022620667171159,0.9324302752700196,0.9324302752700196,10,False,0.9324302752700196,small,0.9324302752700196,42.110617876052856
10,mnist,sensitive_groups,decentralized,line,5,True,16.0,weak_dp,True,0.846882415556543,Topology Structure Attack,0.8,0.0019691126070289096,0.846882415556543,0.846882415556543,4,False,0.846882415556543,small,0.846882415556543,42.26059317588806
11,mnist,sensitive_groups,federated,star,5,True,8.0,medium_dp,True,0.8,Communication Pattern Attack,0.8,0.0014837487588340984,0.7728391263363924,0.8,4,False,0.8,small,0.8,39.842647314071655
12,mnist,sensitive_groups,federated,complete,5,True,8.0,medium_dp,True,0.8,Communication Pattern Attack,0.8,0.0025789831746998713,0.5907255473839956,0.8,10,False,0.8,small,0.8,39.45261549949646
13,mnist,sensitive_groups,decentralized,ring,5,True,8.0,medium_dp,True,0.8367874797564873,Topology Structure Attack,0.6,0.001504675236559695,0.8367874797564873,0.8367874797564873,5,False,0.8367874797564873,small,0.8367874797564873,39.61896896362305
14,mnist,sensitive_groups,decentralized,complete,5,True,8.0,medium_dp,True,0.8,Communication Pattern Attack,0.8,0.002166720695000361,0.5192483575401194,0.8,10,False,0.8,small,0.8,40.73093771934509
15,mnist,sensitive_groups,decentralized,line,5,True,8.0,medium_dp,True,0.8,Communication Pattern Attack,0.8,0.0010665278547220206,0.2247802370519798,0.8,4,False,0.8,small,0.8,39.693354845047
16,mnist,sensitive_groups,federated,star,5,True,4.0,strong_dp,True,0.8,Communication Pattern Attack,0.8,0.002310317453382957,0.5941532132161425,0.8,4,False,0.8,small,0.8,38.49342608451843
17,mnist,sensitive_groups,federated,complete,5,True,4.0,strong_dp,True,0.8,Communication Pattern Attack,0.8,0.0011601675996083486,0.7602815567776697,0.8,10,False,0.8,small,0.8,38.23700785636902
18,mnist,sensitive_groups,decentralized,ring,5,True,4.0,strong_dp,True,0.7966488359070176,Topology Structure Attack,0.6,0.0015155865731557106,0.7966488359070176,0.7966488359070176,5,False,0.7966488359070176,small,0.7966488359070176,37.850441217422485
19,mnist,sensitive_groups,decentralized,complete,5,True,4.0,strong_dp,True,0.8,Communication Pattern Attack,0.8,0.001393019340992798,0.3637037436285656,0.8,10,False,0.8,small,0.8,38.512208461761475
20,mnist,sensitive_groups,decentralized,line,5,True,4.0,strong_dp,True,0.8,Communication Pattern Attack,0.8,0.002752625267869649,0.49545888751791783,0.8,4,False,0.8,small,0.8,39.25521945953369
21,mnist,sensitive_groups,federated,star,5,True,1.0,very_strong_dp,True,0.8,Communication Pattern Attack,0.8,0.0030665229749926443,0.44692400428544377,0.8,4,False,0.8,small,0.8,36.240087270736694
22,mnist,sensitive_groups,federated,complete,5,True,1.0,very_strong_dp,True,0.8,Communication Pattern Attack,0.8,0.005582275547248944,0.6182878738194646,0.8,10,False,0.8,small,0.8,37.18467307090759
23,mnist,sensitive_groups,decentralized,ring,5,True,1.0,very_strong_dp,True,0.6,Communication Pattern Attack,0.6,0.004988091489649592,0.5492769097103404,0.6,5,False,0.6,small,0.6,36.96143388748169
24,mnist,sensitive_groups,decentralized,complete,5,True,1.0,very_strong_dp,True,0.8,Communication Pattern Attack,0.8,0.0017555144315858453,0.37008684905050987,0.8,10,False,0.8,small,0.8,36.93161082267761
25,mnist,sensitive_groups,decentralized,line,5,True,1.0,very_strong_dp,True,0.8,Communication Pattern Attack,0.8,0.0018287855132636827,0.1796614057974681,0.8,4,False,0.8,small,0.8,36.27527070045471
26,mnist,sensitive_groups,federated,star,10,False,,no_dp,True,0.9,Communication Pattern Attack,0.9,0.0010927486391598621,0.8781275420294131,0.9,9,True,0.0,medium,0.9900000000000001,27.44697117805481
27,mnist,sensitive_groups,federated,complete,10,False,,no_dp,True,0.9,Communication Pattern Attack,0.9,0.0005085335619818454,0.7547629722397591,0.9,45,True,0.0,medium,0.9900000000000001,28.00201678276062
28,mnist,sensitive_groups,decentralized,ring,10,False,,no_dp,True,0.7,Communication Pattern Attack,0.7,0.009395556151114804,0.43535563256193865,0.7,10,True,0.0,medium,0.77,27.972778797149658
29,mnist,sensitive_groups,decentralized,complete,10,False,,no_dp,True,0.9,Communication Pattern Attack,0.9,0.012218132949116353,0.3222361820210745,0.9,45,True,0.0,medium,0.9900000000000001,30.027844667434692
30,mnist,sensitive_groups,decentralized,line,10,False,,no_dp,True,0.8144126247655721,Topology Structure Attack,0.7,0.008849928658453318,0.8144126247655721,0.8144126247655721,9,True,0.0,medium,0.8958538872421293,28.067631483078003
31,mnist,sensitive_groups,federated,star,10,True,16.0,weak_dp,True,0.9,Communication Pattern Attack,0.9,0.0010638110218807101,0.24699422630125129,0.9,9,False,0.9,medium,0.9900000000000001,38.14368796348572
32,mnist,sensitive_groups,federated,complete,10,True,16.0,weak_dp,True,0.9,Communication Pattern Attack,0.9,0.0009582588327112371,0.27672334818551436,0.9,45,False,0.9,medium,0.9900000000000001,37.250754594802856
33,mnist,sensitive_groups,decentralized,ring,10,True,16.0,weak_dp,True,0.7,Communication Pattern Attack,0.7,0.0006580271941932722,0.3366023941754683,0.7,10,False,0.7,medium,0.77,38.19074630737305
34,mnist,sensitive_groups,decentralized,complete,10,True,16.0,weak_dp,True,0.9,Communication Pattern Attack,0.9,0.0009093300306767078,0.3295776996718687,0.9,45,False,0.9,medium,0.9900000000000001,39.80351734161377
35,mnist,sensitive_groups,decentralized,line,10,True,16.0,weak_dp,True,0.7,Communication Pattern Attack,0.7,0.001245030675629433,0.5604190739155317,0.7,9,False,0.7,medium,0.77,38.11483120918274
36,mnist,sensitive_groups,federated,star,10,True,8.0,medium_dp,True,0.9,Communication Pattern Attack,0.9,0.0013167130729925664,0.34344602494038295,0.9,9,False,0.9,medium,0.9900000000000001,35.1069815158844
37,mnist,sensitive_groups,federated,complete,10,True,8.0,medium_dp,True,0.9,Communication Pattern Attack,0.9,0.0008685656042311435,0.44363508945948216,0.9,45,False,0.9,medium,0.9900000000000001,35.3779182434082
38,mnist,sensitive_groups,decentralized,ring,10,True,8.0,medium_dp,True,0.7,Communication Pattern Attack,0.7,0.0015002188943610403,0.4315407674149204,0.7,10,False,0.7,medium,0.77,37.369513750076294
39,mnist,sensitive_groups,decentralized,complete,10,True,8.0,medium_dp,True,0.9,Communication Pattern Attack,0.9,0.0007470308387091651,0.1808394312938248,0.9,45,False,0.9,medium,0.9900000000000001,39.00300979614258
40,mnist,sensitive_groups,decentralized,line,10,True,8.0,medium_dp,True,0.7,Communication Pattern Attack,0.7,0.0013281069793923165,0.5608008520173552,0.7,9,False,0.7,medium,0.77,36.3421413898468
41,mnist,sensitive_groups,federated,star,10,True,4.0,strong_dp,True,0.9,Communication Pattern Attack,0.9,0.0012683566524757926,0.5856261730524793,0.9,9,False,0.9,medium,0.9900000000000001,36.4597110748291
42,mnist,sensitive_groups,federated,complete,10,True,4.0,strong_dp,True,0.9,Communication Pattern Attack,0.9,0.002099802178539,0.3762605620743166,0.9,45,False,0.9,medium,0.9900000000000001,34.257757902145386
43,mnist,sensitive_groups,decentralized,ring,10,True,4.0,strong_dp,True,0.7,Communication Pattern Attack,0.7,0.0011916566359993512,0.4928217311127679,0.7,10,False,0.7,medium,0.77,36.63115453720093
44,mnist,sensitive_groups,decentralized,complete,10,True,4.0,strong_dp,True,0.9,Communication Pattern Attack,0.9,0.0013761813154174914,0.056259352428666504,0.9,45,False,0.9,medium,0.9900000000000001,36.83125042915344
45,mnist,sensitive_groups,decentralized,line,10,True,4.0,strong_dp,True,0.7,Communication Pattern Attack,0.7,0.0021633141314701845,0.2746576682230436,0.7,9,False,0.7,medium,0.77,34.71846795082092
46,mnist,sensitive_groups,federated,star,10,True,1.0,very_strong_dp,True,0.9,Communication Pattern Attack,0.9,0.0027178034852367522,0.22980106810476172,0.9,9,False,0.9,medium,0.9900000000000001,32.52147841453552
47,mnist,sensitive_groups,federated,complete,10,True,1.0,very_strong_dp,True,0.9,Communication Pattern Attack,0.9,0.0014500623620766681,0.44222600003032386,0.9,45,False,0.9,medium,0.9900000000000001,32.04352378845215
48,mnist,sensitive_groups,decentralized,ring,10,True,1.0,very_strong_dp,True,0.7331205723971576,Topology Structure Attack,0.7,0.0028621785748463957,0.7331205723971576,0.7331205723971576,10,False,0.7331205723971576,medium,0.8064326296368733,34.00500726699829
49,mnist,sensitive_groups,decentralized,complete,10,True,1.0,very_strong_dp,True,0.9,Communication Pattern Attack,0.9,0.0018975175249835493,0.4311660571195892,0.9,45,False,0.9,medium,0.9900000000000001,34.30763554573059
50,mnist,sensitive_groups,decentralized,line,10,True,1.0,very_strong_dp,True,0.7,Communication Pattern Attack,0.7,0.0034054825696544747,0.46539342226701835,0.7,9,False,0.7,medium,0.77,32.693191051483154
51,mnist,sensitive_groups,federated,star,15,False,,no_dp,True,0.9333333333333333,Communication Pattern Attack,0.9333333333333333,0.0003252171452573241,0.7730391330219487,0.9333333333333333,14,True,0.0,large,1.1199999999999999,27.90877914428711
52,mnist,sensitive_groups,federated,complete,15,False,,no_dp,True,0.9333333333333333,Communication Pattern Attack,0.9333333333333333,0.0004932298718200283,0.4324116529609121,0.9333333333333333,105,True,0.0,large,1.1199999999999999,27.92801809310913
53,mnist,sensitive_groups,decentralized,ring,15,False,,no_dp,True,0.8,Communication Pattern Attack,0.8,0.009158251208465628,0.5782639332389098,0.8,15,True,0.0,large,0.96,29.53631591796875
54,mnist,sensitive_groups,decentralized,complete,15,False,,no_dp,True,0.9333333333333333,Communication Pattern Attack,0.9333333333333333,0.01152451885691114,0.5336809945889502,0.9333333333333333,105,True,0.0,large,1.1199999999999999,33.905550718307495
55,mnist,sensitive_groups,decentralized,line,15,False,,no_dp,True,0.8,Communication Pattern Attack,0.8,0.00913421044753734,0.5630246711795761,0.8,14,True,0.0,large,0.96,28.285566568374634
56,mnist,sensitive_groups,federated,star,15,True,16.0,weak_dp,True,0.9333333333333333,Communication Pattern Attack,0.9333333333333333,0.0010546829138949202,0.23035603613845762,0.9333333333333333,14,False,0.9333333333333333,large,1.1199999999999999,37.47967338562012
57,mnist,sensitive_groups,federated,complete,15,True,16.0,weak_dp,True,0.9333333333333333,Communication Pattern Attack,0.9333333333333333,0.0005971016909159242,0.4190681256827321,0.9333333333333333,105,False,0.9333333333333333,large,1.1199999999999999,39.03789687156677
58,mnist,sensitive_groups,decentralized,ring,15,True,16.0,weak_dp,True,0.8,Communication Pattern Attack,0.8,0.0005626665274445406,0.38650467956754125,0.8,15,False,0.8,large,0.96,38.52391958236694
59,mnist,sensitive_groups,decentralized,complete,15,True,16.0,weak_dp,True,0.9333333333333333,Communication Pattern Attack,0.9333333333333333,0.0005734295867797489,0.033667640635412374,0.9333333333333333,105,False,0.9333333333333333,large,1.1199999999999999,43.45309257507324
60,mnist,sensitive_groups,decentralized,line,15,True,16.0,weak_dp,True,0.8,Communication Pattern Attack,0.8,0.0007508087645946313,0.31805482179379685,0.8,14,False,0.8,large,0.96,38.52990365028381
61,mnist,sensitive_groups,federated,star,15,True,8.0,medium_dp,True,0.9333333333333333,Communication Pattern Attack,0.9333333333333333,0.0010171992091034584,0.17446538502984613,0.9333333333333333,14,False,0.9333333333333333,large,1.1199999999999999,37.458563804626465
62,mnist,sensitive_groups,federated,complete,15,True,8.0,medium_dp,True,0.9333333333333333,Communication Pattern Attack,0.9333333333333333,0.0010534051647346407,0.42667733523054063,0.9333333333333333,105,False,0.9333333333333333,large,1.1199999999999999,36.45993185043335
63,mnist,sensitive_groups,decentralized,ring,15,True,8.0,medium_dp,True,0.8,Communication Pattern Attack,0.8,0.0010405855943836527,0.11586083744924541,0.8,15,False,0.8,large,0.96,38.75070667266846
64,mnist,sensitive_groups,decentralized,complete,15,True,8.0,medium_dp,True,0.9333333333333333,Communication Pattern Attack,0.9333333333333333,0.0010302271099891477,0.6277812180867304,0.9333333333333333,105,False,0.9333333333333333,large,1.1199999999999999,41.51855516433716
65,mnist,sensitive_groups,decentralized,line,15,True,8.0,medium_dp,True,0.8,Communication Pattern Attack,0.8,0.0011059946642545094,0.24653387497172194,0.8,14,False,0.8,large,0.96,38.47127842903137
66,mnist,sensitive_groups,federated,star,15,True,4.0,strong_dp,True,0.9333333333333333,Communication Pattern Attack,0.9333333333333333,0.0013117186104141738,0.3174302435778702,0.9333333333333333,14,False,0.9333333333333333,large,1.1199999999999999,35.284005641937256
67,mnist,sensitive_groups,federated,complete,15,True,4.0,strong_dp,True,0.9333333333333333,Communication Pattern Attack,0.9333333333333333,0.0013422130264100053,0.4863808115097651,0.9333333333333333,105,False,0.9333333333333333,large,1.1199999999999999,36.99001407623291
68,mnist,sensitive_groups,decentralized,ring,15,True,4.0,strong_dp,True,0.8,Communication Pattern Attack,0.8,0.0015481367782076952,0.19901484036308487,0.8,15,False,0.8,large,0.96,36.33446383476257
69,mnist,sensitive_groups,decentralized,complete,15,True,4.0,strong_dp,True,0.9333333333333333,Communication Pattern Attack,0.9333333333333333,0.0010790971648930797,0.6638475332213347,0.9333333333333333,105,False,0.9333333333333333,large,1.1199999999999999,39.82722997665405
70,mnist,sensitive_groups,decentralized,line,15,True,4.0,strong_dp,True,0.8,Communication Pattern Attack,0.8,0.0007928111828519647,0.11688323153025693,0.8,14,False,0.8,large,0.96,37.12359023094177
71,mnist,sensitive_groups,federated,star,15,True,1.0,very_strong_dp,True,0.9333333333333333,Communication Pattern Attack,0.9333333333333333,0.002603497345526917,0.5744956502297963,0.9333333333333333,14,False,0.9333333333333333,large,1.1199999999999999,32.64742350578308
72,mnist,sensitive_groups,federated,complete,15,True,1.0,very_strong_dp,True,0.9333333333333333,Communication Pattern Attack,0.9333333333333333,0.0016913263600010374,0.25338287149334354,0.9333333333333333,105,False,0.9333333333333333,large,1.1199999999999999,32.59927701950073
73,mnist,sensitive_groups,decentralized,ring,15,True,1.0,very_strong_dp,True,0.8,Communication Pattern Attack,0.8,0.0017676288323625147,0.38119919053808793,0.8,15,False,0.8,large,0.96,33.464850187301636
74,mnist,sensitive_groups,decentralized,complete,15,True,1.0,very_strong_dp,True,0.9333333333333333,Communication Pattern Attack,0.9333333333333333,0.0014985948959940246,0.047580725394507715,0.9333333333333333,105,False,0.9333333333333333,large,1.1199999999999999,38.560224294662476
75,mnist,sensitive_groups,decentralized,line,15,True,1.0,very_strong_dp,True,0.8,Communication Pattern Attack,0.8,0.0021572592800202734,0.20692643076202827,0.8,14,False,0.8,large,0.96,33.39536142349243
76,mnist,sensitive_groups,federated,star,20,False,,no_dp,True,0.95,Communication Pattern Attack,0.95,0.00037289610709803005,0.7392544884946408,0.95,19,True,0.0,very_large,1.2349999999999999,28.18717312812805
77,mnist,sensitive_groups,decentralized,ring,20,False,,no_dp,True,0.85,Communication Pattern Attack,0.85,0.004636202647756425,0.4950323400888916,0.85,20,True,0.0,very_large,1.105,29.178442001342773
78,mnist,sensitive_groups,decentralized,line,20,False,,no_dp,True,0.85,Communication Pattern Attack,0.85,0.007201486926047641,0.43797005792129295,0.85,19,True,0.0,very_large,1.105,29.606746673583984
79,mnist,sensitive_groups,federated,star,20,True,16.0,weak_dp,True,0.95,Communication Pattern Attack,0.95,0.0005847436468240286,0.2767941089432485,0.95,19,False,0.95,very_large,1.2349999999999999,38.85111355781555
80,mnist,sensitive_groups,decentralized,ring,20,True,16.0,weak_dp,True,0.85,Communication Pattern Attack,0.85,0.0006010108867074972,0.11457798392240383,0.85,20,False,0.85,very_large,1.105,39.93655514717102
81,mnist,sensitive_groups,decentralized,line,20,True,16.0,weak_dp,True,0.85,Communication Pattern Attack,0.85,0.0006869650690557019,0.24704176093290187,0.85,19,False,0.85,very_large,1.105,39.25796461105347
82,mnist,sensitive_groups,federated,star,20,True,8.0,medium_dp,True,0.95,Communication Pattern Attack,0.95,0.0014253750315464703,0.3819057012007561,0.95,19,False,0.95,very_large,1.2349999999999999,36.950830936431885
83,mnist,sensitive_groups,decentralized,ring,20,True,8.0,medium_dp,True,0.85,Communication Pattern Attack,0.85,0.0009334773640607825,0.41664456327777755,0.85,20,False,0.85,very_large,1.105,38.597400188446045
84,mnist,sensitive_groups,decentralized,line,20,True,8.0,medium_dp,True,0.85,Communication Pattern Attack,0.85,0.0007737155907206781,0.4608945869606039,0.85,19,False,0.85,very_large,1.105,37.79265022277832
85,mnist,sensitive_groups,federated,star,20,True,4.0,strong_dp,True,0.95,Communication Pattern Attack,0.95,0.0010568457779287822,0.09362650796761253,0.95,19,False,0.95,very_large,1.2349999999999999,35.36646246910095
86,mnist,sensitive_groups,decentralized,ring,20,True,4.0,strong_dp,True,0.85,Communication Pattern Attack,0.85,0.0012894070877134886,0.6860598562534096,0.85,20,False,0.85,very_large,1.105,36.54117965698242
87,mnist,sensitive_groups,decentralized,line,20,True,4.0,strong_dp,True,0.85,Communication Pattern Attack,0.85,0.00121103639954733,0.5085370677775553,0.85,19,False,0.85,very_large,1.105,35.879385471343994
88,mnist,sensitive_groups,federated,star,20,True,1.0,very_strong_dp,True,0.95,Communication Pattern Attack,0.95,0.0019033203496585725,0.11067960219058241,0.95,19,False,0.95,very_large,1.2349999999999999,33.49696922302246
89,mnist,sensitive_groups,decentralized,ring,20,True,1.0,very_strong_dp,True,0.85,Communication Pattern Attack,0.85,0.0014892199244239093,0.3249246981033181,0.85,20,False,0.85,very_large,1.105,34.61788749694824
90,mnist,sensitive_groups,decentralized,line,20,True,1.0,very_strong_dp,True,0.85,Communication Pattern Attack,0.85,0.0018149486497852922,0.3741052811189003,0.85,19,False,0.85,very_large,1.105,34.24184060096741
91,mnist,sensitive_groups,federated,star,25,False,,no_dp,True,0.96,Communication Pattern Attack,0.96,0.000663571705755703,0.8282106265766572,0.96,24,True,0.0,very_large,1.3439999999999999,29.32818865776062
92,mnist,sensitive_groups,decentralized,ring,25,False,,no_dp,True,0.88,Communication Pattern Attack,0.88,0.009273700472066812,0.5789468834482815,0.88,25,True,0.0,very_large,1.232,31.372607469558716
93,mnist,sensitive_groups,decentralized,line,25,False,,no_dp,True,0.753630454813544,Topology Structure Attack,0.64,0.008971873905617206,0.753630454813544,0.753630454813544,24,True,0.0,very_large,1.0550826367389614,31.081249952316284
94,mnist,sensitive_groups,federated,star,25,True,16.0,weak_dp,True,0.96,Communication Pattern Attack,0.96,0.0007415569662330013,0.15489995982706492,0.96,24,False,0.96,very_large,1.3439999999999999,44.710814476013184
95,mnist,sensitive_groups,decentralized,ring,25,True,16.0,weak_dp,True,0.88,Communication Pattern Attack,0.88,0.0006680271590324014,0.18351222895023916,0.88,25,False,0.88,very_large,1.232,44.663114070892334
96,mnist,sensitive_groups,decentralized,line,25,True,16.0,weak_dp,True,0.64,Communication Pattern Attack,0.64,0.00046162653331716054,0.32928176454231844,0.64,24,False,0.64,very_large,0.8959999999999999,43.48619270324707
97,mnist,sensitive_groups,federated,star,25,True,8.0,medium_dp,True,0.96,Communication Pattern Attack,0.96,0.0007106003816527816,0.3597074061952212,0.96,24,False,0.96,very_large,1.3439999999999999,41.8310444355011
98,mnist,sensitive_groups,decentralized,ring,25,True,8.0,medium_dp,True,0.88,Communication Pattern Attack,0.88,0.0009361497782606183,0.1783539829311661,0.88,25,False,0.88,very_large,1.232,42.584458112716675
99,mnist,sensitive_groups,decentralized,line,25,True,8.0,medium_dp,True,0.64,Communication Pattern Attack,0.64,0.0005916935726482528,0.2254217320815012,0.64,24,False,0.64,very_large,0.8959999999999999,42.348342418670654
100,mnist,sensitive_groups,federated,star,25,True,4.0,strong_dp,True,0.96,Communication Pattern Attack,0.96,0.0011289530095418498,0.22918002328497863,0.96,24,False,0.96,very_large,1.3439999999999999,39.007139682769775
101,mnist,sensitive_groups,decentralized,ring,25,True,4.0,strong_dp,True,0.88,Communication Pattern Attack,0.88,0.0011551535470342774,0.21921457886501666,0.88,25,False,0.88,very_large,1.232,40.00479006767273
102,mnist,sensitive_groups,decentralized,line,25,True,4.0,strong_dp,True,0.64,Communication Pattern Attack,0.64,0.0008984810284870622,0.35192271356073535,0.64,24,False,0.64,very_large,0.8959999999999999,39.60674738883972
103,mnist,sensitive_groups,federated,star,25,True,1.0,very_strong_dp,True,0.96,Communication Pattern Attack,0.96,0.0017654983406885161,0.12648356856714243,0.96,24,False,0.96,very_large,1.3439999999999999,35.900161266326904
104,mnist,sensitive_groups,decentralized,ring,25,True,1.0,very_strong_dp,True,0.88,Communication Pattern Attack,0.88,0.0018431262945289755,0.4303671646308133,0.88,25,False,0.88,very_large,1.232,37.00979661941528
105,mnist,sensitive_groups,decentralized,line,25,True,1.0,very_strong_dp,True,0.64,Communication Pattern Attack,0.64,0.0021570289407320197,0.14845239572961938,0.64,24,False,0.64,very_large,0.8959999999999999,35.586063861846924
106,mnist,topology_correlated,federated,star,10,False,,no_dp,True,0.9,Communication Pattern Attack,0.9,0.0010355803348445782,0.21147016208749855,0.9,9,True,0.0,medium,0.9900000000000001,27.584425687789917
107,mnist,topology_correlated,federated,complete,10,False,,no_dp,True,0.9,Communication Pattern Attack,0.9,0.0008694021264037629,0.35145262676230493,0.9,45,True,0.0,medium,0.9900000000000001,27.438493967056274
108,mnist,topology_correlated,decentralized,ring,10,False,,no_dp,True,0.7,Communication Pattern Attack,0.7,0.013911112632577594,0.5789118177732553,0.7,10,True,0.0,medium,0.77,28.88111400604248
109,mnist,topology_correlated,decentralized,complete,10,False,,no_dp,True,0.9,Communication Pattern Attack,0.9,0.011098127750417863,0.36518410921010613,0.9,45,True,0.0,medium,0.9900000000000001,30.182311296463013
110,mnist,topology_correlated,decentralized,line,10,False,,no_dp,True,0.7,Communication Pattern Attack,0.7,0.012460607309033827,0.3113144407298448,0.7,9,True,0.0,medium,0.77,29.448307991027832
111,mnist,topology_correlated,federated,star,10,True,16.0,weak_dp,True,0.9,Communication Pattern Attack,0.9,0.0005936422538979813,0.12926435145018195,0.9,9,False,0.9,medium,0.9900000000000001,37.210505962371826
112,mnist,topology_correlated,federated,complete,10,True,16.0,weak_dp,True,0.9,Communication Pattern Attack,0.9,0.0012106332211238465,0.22814046982745093,0.9,45,False,0.9,medium,0.9900000000000001,37.66152262687683
113,mnist,topology_correlated,decentralized,ring,10,True,16.0,weak_dp,True,0.7,Communication Pattern Attack,0.7,0.001425936640062143,0.34641717308553227,0.7,10,False,0.7,medium,0.77,38.52702069282532
114,mnist,topology_correlated,decentralized,complete,10,True,16.0,weak_dp,True,0.9,Communication Pattern Attack,0.9,0.00117833475681839,0.3363818767610184,0.9,45,False,0.9,medium,0.9900000000000001,39.55027747154236
115,mnist,topology_correlated,decentralized,line,10,True,16.0,weak_dp,True,0.7,Communication Pattern Attack,0.7,0.0005579095499116192,0.3534359724778544,0.7,9,False,0.7,medium,0.77,37.57254433631897
116,mnist,topology_correlated,federated,star,10,True,8.0,medium_dp,True,0.9,Communication Pattern Attack,0.9,0.0011325162555281439,0.5478406998861121,0.9,9,False,0.9,medium,0.9900000000000001,36.581756591796875
117,mnist,topology_correlated,federated,complete,10,True,8.0,medium_dp,True,0.9,Communication Pattern Attack,0.9,0.0011471570574748452,0.33296806169165055,0.9,45,False,0.9,medium,0.9900000000000001,36.236305713653564
118,mnist,topology_correlated,decentralized,ring,10,True,8.0,medium_dp,True,0.7,Communication Pattern Attack,0.7,0.0009337193700242894,0.5359307130096688,0.7,10,False,0.7,medium,0.77,36.31949186325073
119,mnist,topology_correlated,decentralized,complete,10,True,8.0,medium_dp,True,0.9,Communication Pattern Attack,0.9,0.0010954479152022701,0.19409988371740994,0.9,45,False,0.9,medium,0.9900000000000001,38.50806713104248
120,mnist,topology_correlated,decentralized,line,10,True,8.0,medium_dp,True,0.7,Communication Pattern Attack,0.7,0.0015684247950343603,0.34426134593874924,0.7,9,False,0.7,medium,0.77,37.80758714675903
121,mnist,topology_correlated,federated,star,10,True,4.0,strong_dp,True,0.9,Communication Pattern Attack,0.9,0.00158321677030951,0.5066198880151329,0.9,9,False,0.9,medium,0.9900000000000001,35.05727672576904
122,mnist,topology_correlated,federated,complete,10,True,4.0,strong_dp,True,0.9,Communication Pattern Attack,0.9,0.0015556035327962247,0.39415012621731704,0.9,45,False,0.9,medium,0.9900000000000001,34.68125605583191
123,mnist,topology_correlated,decentralized,ring,10,True,4.0,strong_dp,True,0.7,Communication Pattern Attack,0.7,0.0017492600246012625,0.3722184918676864,0.7,10,False,0.7,medium,0.77,34.738219261169434
124,mnist,topology_correlated,decentralized,complete,10,True,4.0,strong_dp,True,0.9,Communication Pattern Attack,0.9,0.0006486051336058562,0.44205832122056554,0.9,45,False,0.9,medium,0.9900000000000001,37.27596402168274
125,mnist,topology_correlated,decentralized,line,10,True,4.0,strong_dp,True,0.7,Communication Pattern Attack,0.7,0.0012409000127589598,0.5045955776758649,0.7,9,False,0.7,medium,0.77,34.63471961021423
126,mnist,topology_correlated,federated,star,10,True,1.0,very_strong_dp,True,0.9,Communication Pattern Attack,0.9,0.0024125384346234627,0.7995003997908341,0.9,9,False,0.9,medium,0.9900000000000001,31.672680616378784
127,mnist,topology_correlated,federated,complete,10,True,1.0,very_strong_dp,True,0.9,Communication Pattern Attack,0.9,0.002381254863121268,0.2618999842078486,0.9,45,False,0.9,medium,0.9900000000000001,32.041072845458984
128,mnist,topology_correlated,decentralized,ring,10,True,1.0,very_strong_dp,True,0.7,Communication Pattern Attack,0.7,0.0024549842847631296,0.45218061104656515,0.7,10,False,0.7,medium,0.77,33.8057496547699
129,mnist,topology_correlated,decentralized,complete,10,True,1.0,very_strong_dp,True,0.9,Communication Pattern Attack,0.9,0.0024497314905889502,0.1355731705452175,0.9,45,False,0.9,medium,0.9900000000000001,33.997172355651855
130,mnist,topology_correlated,decentralized,line,10,True,1.0,very_strong_dp,True,0.7,Communication Pattern Attack,0.7,0.002888119286252222,0.5452678249222673,0.7,9,False,0.7,medium,0.77,34.436309576034546
131,mnist,imbalanced_sensitive,federated,star,5,False,,no_dp,True,0.8366900435378191,Topology Structure Attack,0.8,0.004990367687427705,0.8366900435378191,0.8366900435378191,4,True,0.0,small,0.8366900435378191,29.429738998413086
132,mnist,imbalanced_sensitive,federated,complete,5,False,,no_dp,True,0.887126038148459,Topology Structure Attack,0.8,0.005243724184392773,0.887126038148459,0.887126038148459,10,True,0.0,small,0.887126038148459,29.969470977783203
133,mnist,imbalanced_sensitive,decentralized,ring,5,False,,no_dp,True,0.6043354939135626,Topology Structure Attack,0.6,0.022309173518984125,0.6043354939135626,0.6043354939135626,5,True,0.0,small,0.6043354939135626,30.233822345733643
134,mnist,imbalanced_sensitive,decentralized,complete,5,False,,no_dp,True,0.8328169425615055,Topology Structure Attack,0.8,0.02883999253098418,0.8328169425615055,0.8328169425615055,10,True,0.0,small,0.8328169425615055,30.91899538040161
135,mnist,imbalanced_sensitive,decentralized,line,5,False,,no_dp,True,0.899478829824528,Topology Structure Attack,0.8,0.029581727630308686,0.899478829824528,0.899478829824528,4,True,0.0,small,0.899478829824528,30.141433715820312
136,mnist,imbalanced_sensitive,federated,star,5,True,16.0,weak_dp,True,0.8,Communication Pattern Attack,0.8,0.0007585029171710905,0.5666889102753098,0.8,4,False,0.8,small,0.8,40.850544691085815
137,mnist,imbalanced_sensitive,federated,complete,5,True,16.0,weak_dp,True,0.8,Communication Pattern Attack,0.8,0.0011504642112038365,0.39320457044054286,0.8,10,False,0.8,small,0.8,41.22736406326294
138,mnist,imbalanced_sensitive,decentralized,ring,5,True,16.0,weak_dp,True,0.6,Communication Pattern Attack,0.6,0.0013300488629784135,0.33550779220157234,0.6,5,False,0.6,small,0.6,41.178577184677124
139,mnist,imbalanced_sensitive,decentralized,complete,5,True,16.0,weak_dp,True,0.8,Communication Pattern Attack,0.8,0.0005498610120233944,0.46123619472405525,0.8,10,False,0.8,small,0.8,41.597914695739746
140,mnist,imbalanced_sensitive,decentralized,line,5,True,16.0,weak_dp,True,0.8,Communication Pattern Attack,0.8,0.0008575682327845542,0.6730113799799744,0.8,4,False,0.8,small,0.8,41.0962393283844
141,mnist,imbalanced_sensitive,federated,star,5,True,8.0,medium_dp,True,0.8,Communication Pattern Attack,0.8,0.0016168469884630114,0.683534752249852,0.8,4,False,0.8,small,0.8,39.62975001335144
142,mnist,imbalanced_sensitive,federated,complete,5,True,8.0,medium_dp,True,0.8,Communication Pattern Attack,0.8,0.0010218058357977153,0.19800343698617856,0.8,10,False,0.8,small,0.8,40.49769139289856
143,mnist,imbalanced_sensitive,decentralized,ring,5,True,8.0,medium_dp,True,0.6,Communication Pattern Attack,0.6,0.0014632305456838447,0.09770760259861266,0.6,5,False,0.6,small,0.6,40.4815092086792
144,mnist,imbalanced_sensitive,decentralized,complete,5,True,8.0,medium_dp,True,0.8,Communication Pattern Attack,0.8,0.0015575031883723661,0.6319324857089608,0.8,10,False,0.8,small,0.8,39.76928472518921
145,mnist,imbalanced_sensitive,decentralized,line,5,True,8.0,medium_dp,True,0.8,Communication Pattern Attack,0.8,0.0012906102842737228,0.2102396268507558,0.8,4,False,0.8,small,0.8,41.717047452926636
146,mnist,imbalanced_sensitive,federated,star,5,True,4.0,strong_dp,True,0.8,Communication Pattern Attack,0.8,0.0033200500625368535,0.34213966099411375,0.8,4,False,0.8,small,0.8,38.72361350059509
147,mnist,imbalanced_sensitive,federated,complete,5,True,4.0,strong_dp,True,0.9073945925472202,Topology Structure Attack,0.8,0.0014776969819332844,0.9073945925472202,0.9073945925472202,10,False,0.9073945925472202,small,0.9073945925472202,39.744136571884155
148,mnist,imbalanced_sensitive,decentralized,ring,5,True,4.0,strong_dp,True,0.8289618495373997,Topology Structure Attack,0.6,0.0012671383604339898,0.8289618495373997,0.8289618495373997,5,False,0.8289618495373997,small,0.8289618495373997,39.9022901058197
149,mnist,imbalanced_sensitive,decentralized,complete,5,True,4.0,strong_dp,True,0.8,Communication Pattern Attack,0.8,0.0016913263077448458,0.7421083530900655,0.8,10,False,0.8,small,0.8,38.319647550582886
150,mnist,imbalanced_sensitive,decentralized,line,5,True,4.0,strong_dp,True,0.8,Communication Pattern Attack,0.8,0.0019568285539014853,0.5925452390487491,0.8,4,False,0.8,small,0.8,38.171353816986084
151,mnist,imbalanced_sensitive,federated,star,5,True,1.0,very_strong_dp,True,0.9295143794266549,Topology Structure Attack,0.8,0.0012884298296477015,0.9295143794266549,0.9295143794266549,4,False,0.9295143794266549,small,0.9295143794266549,35.55131769180298
152,mnist,imbalanced_sensitive,federated,complete,5,True,1.0,very_strong_dp,True,0.8,Communication Pattern Attack,0.8,0.0022445550611605003,0.2605984415079997,0.8,10,False,0.8,small,0.8,36.10339093208313
153,mnist,imbalanced_sensitive,decentralized,ring,5,True,1.0,very_strong_dp,True,0.7314682021521959,Topology Structure Attack,0.6,0.0032848565774231666,0.7314682021521959,0.7314682021521959,5,False,0.7314682021521959,small,0.7314682021521959,35.60037851333618
154,mnist,imbalanced_sensitive,decentralized,complete,5,True,1.0,very_strong_dp,True,0.8,Communication Pattern Attack,0.8,0.0035848856453924325,0.45200635417935275,0.8,10,False,0.8,small,0.8,36.5761296749115
155,mnist,imbalanced_sensitive,decentralized,line,5,True,1.0,very_strong_dp,True,0.8,Communication Pattern Attack,0.8,0.0030075043705594584,0.46456459635837544,0.8,4,False,0.8,small,0.8,36.41277718544006
156,mnist,imbalanced_sensitive,federated,star,10,False,,no_dp,True,0.9,Communication Pattern Attack,0.9,0.0006872282108411848,0.6932728632304411,0.9,9,True,0.0,medium,0.9900000000000001,28.32719397544861
157,mnist,imbalanced_sensitive,federated,complete,10,False,,no_dp,True,0.9,Communication Pattern Attack,0.9,0.0008624303285728772,0.6415297854680231,0.9,45,True,0.0,medium,0.9900000000000001,28.72078847885132
158,mnist,imbalanced_sensitive,decentralized,ring,10,False,,no_dp,True,0.7,Communication Pattern Attack,0.7,0.013200866600928165,0.4700149130938584,0.7,10,True,0.0,medium,0.77,28.974798440933228
159,mnist,imbalanced_sensitive,decentralized,complete,10,False,,no_dp,True,0.9,Communication Pattern Attack,0.9,0.01182876882547784,0.741249997249978,0.9,45,True,0.0,medium,0.9900000000000001,30.33147644996643
160,mnist,imbalanced_sensitive,decentralized,line,10,False,,no_dp,True,0.7,Communication Pattern Attack,0.7,0.010286673226124013,0.5631958350800644,0.7,9,True,0.0,medium,0.77,29.20030426979065
161,mnist,imbalanced_sensitive,federated,star,10,True,16.0,weak_dp,True,0.9,Communication Pattern Attack,0.9,0.0008643107583764902,0.820541165083686,0.9,9,False,0.9,medium,0.9900000000000001,38.68758964538574
162,mnist,imbalanced_sensitive,federated,complete,10,True,16.0,weak_dp,True,0.9,Communication Pattern Attack,0.9,0.0008603501138791876,0.6844805198418509,0.9,45,False,0.9,medium,0.9900000000000001,38.43972325325012
163,mnist,imbalanced_sensitive,decentralized,ring,10,True,16.0,weak_dp,True,0.7,Communication Pattern Attack,0.7,0.0009367165299696273,0.1418744108948655,0.7,10,False,0.7,medium,0.77,40.099398136138916
164,mnist,imbalanced_sensitive,decentralized,complete,10,True,16.0,weak_dp,True,0.9,Communication Pattern Attack,0.9,0.0010142414441328144,0.30917031359267366,0.9,45,False,0.9,medium,0.9900000000000001,40.54194355010986
165,mnist,imbalanced_sensitive,decentralized,line,10,True,16.0,weak_dp,True,0.7,Communication Pattern Attack,0.7,0.0013465702779040065,0.6877193872982362,0.7,9,False,0.7,medium,0.77,38.36922287940979
166,mnist,imbalanced_sensitive,federated,star,10,True,8.0,medium_dp,True,0.9,Communication Pattern Attack,0.9,0.0011166632182956341,0.16319927226941236,0.9,9,False,0.9,medium,0.9900000000000001,38.947594165802
167,mnist,imbalanced_sensitive,federated,complete,10,True,8.0,medium_dp,True,0.9,Communication Pattern Attack,0.9,0.000744940821537545,0.604475034064951,0.9,45,False,0.9,medium,0.9900000000000001,37.90112924575806
168,mnist,imbalanced_sensitive,decentralized,ring,10,True,8.0,medium_dp,True,0.7,Communication Pattern Attack,0.7,0.000946547467250143,0.07578560753098708,0.7,10,False,0.7,medium,0.77,37.266854763031006
169,mnist,imbalanced_sensitive,decentralized,complete,10,True,8.0,medium_dp,True,0.9,Communication Pattern Attack,0.9,0.0012623489076331515,0.10324987291129831,0.9,45,False,0.9,medium,0.9900000000000001,40.219266176223755
170,mnist,imbalanced_sensitive,decentralized,line,10,True,8.0,medium_dp,True,0.7,Communication Pattern Attack,0.7,0.0013150282661054133,0.38921963718979025,0.7,9,False,0.7,medium,0.77,37.65502452850342
171,mnist,imbalanced_sensitive,federated,star,10,True,4.0,strong_dp,True,0.9,Communication Pattern Attack,0.9,0.0014840539076837636,0.23995567572858834,0.9,9,False,0.9,medium,0.9900000000000001,35.20542359352112
172,mnist,imbalanced_sensitive,federated,complete,10,True,4.0,strong_dp,True,0.9,Communication Pattern Attack,0.9,0.0019361207446043978,0.45505232549940994,0.9,45,False,0.9,medium,0.9900000000000001,35.412487268447876
173,mnist,imbalanced_sensitive,decentralized,ring,10,True,4.0,strong_dp,True,0.7,Communication Pattern Attack,0.7,0.001925220347766648,0.6190726899665903,0.7,10,False,0.7,medium,0.77,36.18855118751526
174,mnist,imbalanced_sensitive,decentralized,complete,10,True,4.0,strong_dp,True,0.9,Communication Pattern Attack,0.9,0.0008586953428816142,0.1955401686795446,0.9,45,False,0.9,medium,0.9900000000000001,37.88939070701599
175,mnist,imbalanced_sensitive,decentralized,line,10,True,4.0,strong_dp,True,0.7,Communication Pattern Attack,0.7,0.001465737720885577,0.20630389338665842,0.7,9,False,0.7,medium,0.77,35.93121886253357
176,mnist,imbalanced_sensitive,federated,star,10,True,1.0,very_strong_dp,True,0.9,Communication Pattern Attack,0.9,0.0016238131634232782,0.5930881090953521,0.9,9,False,0.9,medium,0.9900000000000001,32.576797008514404
177,mnist,imbalanced_sensitive,federated,complete,10,True,1.0,very_strong_dp,True,0.9,Communication Pattern Attack,0.9,0.0016082450759713383,0.5610688067613909,0.9,45,False,0.9,medium,0.9900000000000001,33.24370288848877
178,mnist,imbalanced_sensitive,decentralized,ring,10,True,1.0,very_strong_dp,True,0.7,Communication Pattern Attack,0.7,0.002025521992086377,0.5270887225190182,0.7,10,False,0.7,medium,0.77,34.802335023880005
179,mnist,imbalanced_sensitive,decentralized,complete,10,True,1.0,very_strong_dp,True,0.9,Communication Pattern Attack,0.9,0.0027266143479588007,0.31864990837514817,0.9,45,False,0.9,medium,0.9900000000000001,35.612149238586426
180,mnist,imbalanced_sensitive,decentralized,line,10,True,1.0,very_strong_dp,True,0.7,Communication Pattern Attack,0.7,0.0022637195944320678,0.30747797847824104,0.7,9,False,0.7,medium,0.77,33.93523573875427
181,mnist,imbalanced_sensitive,federated,star,15,False,,no_dp,True,0.9333333333333333,Communication Pattern Attack,0.9333333333333333,0.0006237366525363272,0.7178835168557496,0.9333333333333333,14,True,0.0,large,1.1199999999999999,29.6042742729187
182,mnist,imbalanced_sensitive,federated,complete,15,False,,no_dp,True,0.9333333333333333,Communication Pattern Attack,0.9333333333333333,0.0007598205874557017,0.4983776139969998,0.9333333333333333,105,True,0.0,large,1.1199999999999999,28.87549138069153
183,mnist,imbalanced_sensitive,decentralized,ring,15,False,,no_dp,True,0.8,Communication Pattern Attack,0.8,0.02523196784038381,0.5952362256372921,0.8,15,True,0.0,large,0.96,30.556973457336426
184,mnist,imbalanced_sensitive,decentralized,complete,15,False,,no_dp,True,0.9333333333333333,Communication Pattern Attack,0.9333333333333333,0.018661827149460915,0.518527800554856,0.9333333333333333,105,True,0.0,large,1.1199999999999999,34.45511722564697
185,mnist,imbalanced_sensitive,decentralized,line,15,False,,no_dp,True,0.8,Communication Pattern Attack,0.8,0.02420646891204274,0.6969189576153123,0.8,14,True,0.0,large,0.96,30.190673828125
186,mnist,imbalanced_sensitive,federated,star,15,True,16.0,weak_dp,True,0.9333333333333333,Communication Pattern Attack,0.9333333333333333,0.000874432906959759,0.7315498292993797,0.9333333333333333,14,False,0.9333333333333333,large,1.1199999999999999,40.290361642837524
187,mnist,imbalanced_sensitive,federated,complete,15,True,16.0,weak_dp,True,0.9333333333333333,Communication Pattern Attack,0.9333333333333333,0.0005045126668283546,0.327652190634247,0.9333333333333333,105,False,0.9333333333333333,large,1.1199999999999999,40.020801067352295
188,mnist,imbalanced_sensitive,decentralized,ring,15,True,16.0,weak_dp,True,0.8,Communication Pattern Attack,0.8,0.000718106022245636,0.44051237043296454,0.8,15,False,0.8,large,0.96,40.821062088012695
189,mnist,imbalanced_sensitive,decentralized,complete,15,True,16.0,weak_dp,True,0.9333333333333333,Communication Pattern Attack,0.9333333333333333,0.000737016165775536,0.14865076178845782,0.9333333333333333,105,False,0.9333333333333333,large,1.1199999999999999,44.67823815345764
190,mnist,imbalanced_sensitive,decentralized,line,15,True,16.0,weak_dp,True,0.8,Communication Pattern Attack,0.8,0.0006633647528998199,0.2877588817873502,0.8,14,False,0.8,large,0.96,40.68455171585083
191,mnist,imbalanced_sensitive,federated,star,15,True,8.0,medium_dp,True,0.9333333333333333,Communication Pattern Attack,0.9333333333333333,0.0007681828704611692,0.5994916253427697,0.9333333333333333,14,False,0.9333333333333333,large,1.1199999999999999,39.16853594779968
192,mnist,imbalanced_sensitive,federated,complete,15,True,8.0,medium_dp,True,0.9333333333333333,Communication Pattern Attack,0.9333333333333333,0.0009177947422893409,0.3453487251372493,0.9333333333333333,105,False,0.9333333333333333,large,1.1199999999999999,38.85297203063965
193,mnist,imbalanced_sensitive,decentralized,ring,15,True,8.0,medium_dp,True,0.8,Communication Pattern Attack,0.8,0.000982686789675541,0.39498828225577276,0.8,15,False,0.8,large,0.96,39.384809494018555
194,mnist,imbalanced_sensitive,decentralized,complete,15,True,8.0,medium_dp,True,0.9333333333333333,Communication Pattern Attack,0.9333333333333333,0.0009042142221322386,0.5201897914229665,0.9333333333333333,105,False,0.9333333333333333,large,1.1199999999999999,44.120670557022095
195,mnist,imbalanced_sensitive,decentralized,line,15,True,8.0,medium_dp,True,0.8,Communication Pattern Attack,0.8,0.0007436905259135867,0.1641409719717381,0.8,14,False,0.8,large,0.96,44.04908800125122
196,mnist,imbalanced_sensitive,federated,star,15,True,4.0,strong_dp,True,0.9333333333333333,Communication Pattern Attack,0.9333333333333333,0.0015065414014233955,0.4451765903299962,0.9333333333333333,14,False,0.9333333333333333,large,1.1199999999999999,37.39790439605713
197,mnist,imbalanced_sensitive,federated,complete,15,True,4.0,strong_dp,True,0.9333333333333333,Communication Pattern Attack,0.9333333333333333,0.0010120027812808479,0.27811396685338574,0.9333333333333333,105,False,0.9333333333333333,large,1.1199999999999999,37.27706980705261
198,mnist,imbalanced_sensitive,decentralized,ring,15,True,4.0,strong_dp,True,0.8,Communication Pattern Attack,0.8,0.0012907558335516,0.3272280725730763,0.8,15,False,0.8,large,0.96,37.44898724555969
199,mnist,imbalanced_sensitive,decentralized,complete,15,True,4.0,strong_dp,True,0.9333333333333333,Communication Pattern Attack,0.9333333333333333,0.0017440083567653608,0.5073521718584271,0.9333333333333333,105,False,0.9333333333333333,large,1.1199999999999999,42.824195861816406
200,mnist,imbalanced_sensitive,decentralized,line,15,True,4.0,strong_dp,True,0.8,Communication Pattern Attack,0.8,0.0015750622561449764,0.309215747594798,0.8,14,False,0.8,large,0.96,37.978503942489624
201,mnist,imbalanced_sensitive,federated,star,15,True,1.0,very_strong_dp,True,0.9333333333333333,Communication Pattern Attack,0.9333333333333333,0.0019553859236415257,0.36853356834471185,0.9333333333333333,14,False,0.9333333333333333,large,1.1199999999999999,34.78448152542114
202,mnist,imbalanced_sensitive,federated,complete,15,True,1.0,very_strong_dp,True,0.9333333333333333,Communication Pattern Attack,0.9333333333333333,0.0013622726223269086,0.22627522154592922,0.9333333333333333,105,False,0.9333333333333333,large,1.1199999999999999,35.113123655319214
203,mnist,imbalanced_sensitive,decentralized,ring,15,True,1.0,very_strong_dp,True,0.8,Communication Pattern Attack,0.8,0.0018280796355116002,0.1883137671212054,0.8,15,False,0.8,large,0.96,34.94793462753296
204,mnist,imbalanced_sensitive,decentralized,complete,15,True,1.0,very_strong_dp,True,0.9333333333333333,Communication Pattern Attack,0.9333333333333333,0.001738423160468998,0.2938575850122231,0.9333333333333333,105,False,0.9333333333333333,large,1.1199999999999999,39.973485708236694
205,mnist,imbalanced_sensitive,decentralized,line,15,True,1.0,very_strong_dp,True,0.8,Communication Pattern Attack,0.8,0.001914712477616187,0.32965450756805914,0.8,14,False,0.8,large,0.96,35.143157958984375
206,mnist,imbalanced_sensitive,federated,star,20,False,,no_dp,True,0.95,Communication Pattern Attack,0.95,0.0012463278572986858,0.6731251162946167,0.95,19,True,0.0,very_large,1.2349999999999999,29.811521530151367
207,mnist,imbalanced_sensitive,decentralized,ring,20,False,,no_dp,True,0.85,Communication Pattern Attack,0.85,0.021660057746674486,0.548214957002138,0.85,20,True,0.0,very_large,1.105,31.171143293380737
208,mnist,imbalanced_sensitive,decentralized,line,20,False,,no_dp,True,0.85,Communication Pattern Attack,0.85,0.02455647730377787,0.40010205043815256,0.85,19,True,0.0,very_large,1.105,31.027434825897217
209,mnist,imbalanced_sensitive,federated,star,20,True,16.0,weak_dp,True,0.95,Communication Pattern Attack,0.95,0.0008910855926001365,0.5372994313415305,0.95,19,False,0.95,very_large,1.2349999999999999,40.91218090057373
210,mnist,imbalanced_sensitive,decentralized,ring,20,True,16.0,weak_dp,True,0.85,Communication Pattern Attack,0.85,0.0007263988439676162,0.47127813920547446,0.85,20,False,0.85,very_large,1.105,41.41971707344055
211,mnist,imbalanced_sensitive,decentralized,line,20,True,16.0,weak_dp,True,0.85,Communication Pattern Attack,0.85,0.0004534237021345741,0.5137581496546411,0.85,19,False,0.85,very_large,1.105,41.11528468132019
212,mnist,imbalanced_sensitive,federated,star,20,True,8.0,medium_dp,True,0.95,Communication Pattern Attack,0.95,0.000721031062745213,0.23032337537762096,0.95,19,False,0.95,very_large,1.2349999999999999,39.700660705566406
213,mnist,imbalanced_sensitive,decentralized,ring,20,True,8.0,medium_dp,True,0.85,Communication Pattern Attack,0.85,0.0009406230933879276,0.4481947278464497,0.85,20,False,0.85,very_large,1.105,40.3873028755188
214,mnist,imbalanced_sensitive,decentralized,line,20,True,8.0,medium_dp,True,0.85,Communication Pattern Attack,0.85,0.0008087668434735318,0.19227675323446977,0.85,19,False,0.85,very_large,1.105,39.37362599372864
215,mnist,imbalanced_sensitive,federated,star,20,True,4.0,strong_dp,True,0.95,Communication Pattern Attack,0.95,0.0015415613793667688,0.6596010079705019,0.95,19,False,0.95,very_large,1.2349999999999999,41.67227578163147
216,mnist,imbalanced_sensitive,decentralized,ring,20,True,4.0,strong_dp,True,0.85,Communication Pattern Attack,0.85,0.0008807991777149312,0.34695829048967625,0.85,20,False,0.85,very_large,1.105,38.700133085250854
217,mnist,imbalanced_sensitive,decentralized,line,20,True,4.0,strong_dp,True,0.85,Communication Pattern Attack,0.85,0.0014606225668440304,0.47931952506140424,0.85,19,False,0.85,very_large,1.105,37.65758991241455
218,mnist,imbalanced_sensitive,federated,star,20,True,1.0,very_strong_dp,True,0.95,Communication Pattern Attack,0.95,0.0018523615097767098,0.3012447853113983,0.95,19,False,0.95,very_large,1.2349999999999999,35.03747224807739
219,mnist,imbalanced_sensitive,decentralized,ring,20,True,1.0,very_strong_dp,True,0.85,Communication Pattern Attack,0.85,0.0020446501271614284,0.0969626394910329,0.85,20,False,0.85,very_large,1.105,37.350590229034424
220,mnist,imbalanced_sensitive,decentralized,line,20,True,1.0,very_strong_dp,True,0.85,Communication Pattern Attack,0.85,0.002061664370982542,0.44911009763696985,0.85,19,False,0.85,very_large,1.105,36.38455867767334
221,mnist,imbalanced_sensitive,federated,star,25,False,,no_dp,True,0.96,Communication Pattern Attack,0.96,0.0013370844107377963,0.5465653012768201,0.96,24,True,0.0,very_large,1.3439999999999999,30.75602078437805
222,mnist,imbalanced_sensitive,decentralized,ring,25,False,,no_dp,True,0.88,Communication Pattern Attack,0.88,0.031564707124283456,0.45699059197274416,0.88,25,True,0.0,very_large,1.232,32.390294551849365
223,mnist,imbalanced_sensitive,decentralized,line,25,False,,no_dp,True,0.64,Communication Pattern Attack,0.64,0.025471661815822215,0.40468426988058354,0.64,24,True,0.0,very_large,0.8959999999999999,32.34925127029419
224,mnist,imbalanced_sensitive,federated,star,25,True,16.0,weak_dp,True,0.96,Communication Pattern Attack,0.96,0.0007279975987752596,0.5056241362859829,0.96,24,False,0.96,very_large,1.3439999999999999,44.94522666931152
225,mnist,imbalanced_sensitive,decentralized,ring,25,True,16.0,weak_dp,True,0.88,Communication Pattern Attack,0.88,0.0007708605526771748,0.3860983338957954,0.88,25,False,0.88,very_large,1.232,46.75521636009216
226,mnist,imbalanced_sensitive,decentralized,line,25,True,16.0,weak_dp,True,0.64,Communication Pattern Attack,0.64,0.0006698052122706229,0.07005507580683804,0.64,24,False,0.64,very_large,0.8959999999999999,46.098910093307495
227,mnist,imbalanced_sensitive,federated,star,25,True,8.0,medium_dp,True,0.96,Communication Pattern Attack,0.96,0.000814078755692138,0.6387275564815479,0.96,24,False,0.96,very_large,1.3439999999999999,44.27657508850098
228,mnist,imbalanced_sensitive,decentralized,ring,25,True,8.0,medium_dp,True,0.88,Communication Pattern Attack,0.88,0.0008060241435326852,0.1491355838072347,0.88,25,False,0.88,very_large,1.232,44.773157835006714
229,mnist,imbalanced_sensitive,decentralized,line,25,True,8.0,medium_dp,True,0.64,Communication Pattern Attack,0.64,0.0008086354812705783,0.20449360225427696,0.64,24,False,0.64,very_large,0.8959999999999999,43.83496141433716
230,mnist,imbalanced_sensitive,federated,star,25,True,4.0,strong_dp,True,0.96,Communication Pattern Attack,0.96,0.001341935331063529,0.7240026079322087,0.96,24,False,0.96,very_large,1.3439999999999999,41.70188808441162
231,mnist,imbalanced_sensitive,decentralized,ring,25,True,4.0,strong_dp,True,0.88,Communication Pattern Attack,0.88,0.001082841568298878,0.4195329446914912,0.88,25,False,0.88,very_large,1.232,42.63554358482361
232,mnist,imbalanced_sensitive,decentralized,line,25,True,4.0,strong_dp,True,0.64,Communication Pattern Attack,0.64,0.0009844599418555005,0.49160967189375243,0.64,24,False,0.64,very_large,0.8959999999999999,41.9672110080719
233,mnist,imbalanced_sensitive,federated,star,25,True,1.0,very_strong_dp,True,0.96,Communication Pattern Attack,0.96,0.002101597728890082,0.3852823420937741,0.96,24,False,0.96,very_large,1.3439999999999999,37.54585266113281
234,mnist,imbalanced_sensitive,decentralized,ring,25,True,1.0,very_strong_dp,True,0.88,Communication Pattern Attack,0.88,0.002077046822600402,0.2542126200374987,0.88,25,False,0.88,very_large,1.232,39.48238968849182
235,mnist,imbalanced_sensitive,decentralized,line,25,True,1.0,very_strong_dp,True,0.64,Communication Pattern Attack,0.64,0.0020535986305422107,0.3275896416406573,0.64,24,False,0.64,very_large,0.8959999999999999,38.678120613098145
239,skin_lesion,sensitive_groups,decentralized,complete,5,False,,no_dp,True,0.8,Communication Pattern Attack,0.8,0.1555764964353254,0.7073692072841082,0.8,10,True,0.0,small,0.8,238.29985165596008
240,skin_lesion,sensitive_groups,decentralized,line,5,False,,no_dp,True,0.8,Communication Pattern Attack,0.8,0.12277799956427704,0.7016446202760751,0.8,4,True,0.0,small,0.8,236.69889950752258
286,skin_lesion,sensitive_groups,federated,star,10,False,,no_dp,True,0.9996683827361839,Topology Structure Attack,0.9,0.06387842951856655,0.9996683827361839,0.9996683827361839,9,True,0.0,medium,1.0996352210098024,325.3572909832001
287,skin_lesion,sensitive_groups,federated,complete,10,False,,no_dp,True,0.9,Communication Pattern Attack,0.9,0.07124521615162467,0.513535055529531,0.9,45,True,0.0,medium,0.9900000000000001,280.4174349308014
288,skin_lesion,sensitive_groups,decentralized,ring,10,False,,no_dp,True,0.7,Communication Pattern Attack,0.7,0.08426929582125002,0.48644519689695004,0.7,10,True,0.0,medium,0.77,261.54249835014343
311,skin_lesion,sensitive_groups,federated,star,15,False,,no_dp,True,0.9998891911186196,Topology Structure Attack,0.9333333333333333,0.09849784244893736,0.9998891911186196,0.9998891911186196,14,True,0.0,large,1.1998670293423435,344.7325623035431
312,skin_lesion,sensitive_groups,federated,complete,15,False,,no_dp,True,0.9333333333333333,Communication Pattern Attack,0.9333333333333333,0.11748130824340185,0.42294741741525993,0.9333333333333333,105,True,0.0,large,1.1199999999999999,338.2180118560791
