accuracy,active_nodes,actual_client_rate,actual_data_rate,aggregator_node,avg_bandwidth_mbps,batches_processed,client_sampling_rate,communication_savings_percent,computation_type,current_epoch,data_sampling_rates,epochs_completed,event_type,loss,metrics,network_density,node_id,node_type_distribution,num_active_nodes,num_nodes,num_participating_nodes,num_sampled_clients,num_source_nodes,num_target_nodes,num_updated_nodes,organizational_entities,param_convergence,param_summary,participating_nodes,resource_efficiency_score,round_completion_time,round_num,sampled_clients,sampled_clients_count,sampled_data_points,samples_processed,source_nodes,step_name,strategy_name,target_nodes,throughput_samples_per_sec,time_per_client,time_taken,timestamp,topology_type,total_clients,total_clients_involved,total_communication_bytes,total_computation_time,total_cpu_cores,total_data_points,total_edges,total_epochs,total_gpus,total_memory_gb,updated_nodes
,,,,,4455.0,,,,,,,,NetworkStructureEvent,,,0.2222222222222222,,"{'tier1_hospital': 2, 'tier2_hospital': 2, 'research_center': 2, 'mobile_unit': 2, 'edge_device': 2}",,10,,,,,,5,,,,,,0,,,,,,network_structure,,,,,,1753358207.7049577,ring,,,,,648,,10,,73,2552,
,,,,,,,,,,,,,InitialStateEvent,,,,,,,10,,,,,,,,,,,,0,,,,,,initial_state,,,,,,1753358207.705198,ring,,,,,,,,,,,
0.0638,,,,,,,,,,,,,EvaluationEvent,2.3241320693969727,"{'loss': 2.3241320693969727, 'accuracy': 0.0638}",,,,,,,,,,,,,,,,,0,,,,,,evaluation,,,,,,1753358211.0182385,,,,,,,,,,,,
,"0,1,2,3,4,5,6,7,8,9",,,,,,,,,,,,LocalTrainingEvent,,{},,,,10,,,,,,,,,,,,,1,,,,,,local_training,,,,,,1753358211.0184464,,,,,,,,,3,,,
,,0.6,,,,,0.6,,,,"{0: 1.0, 5: 1.0, 6: 1.0, 7: 1.0, 9: 1.0, 3: 1.0}",,SamplingEvent,,,,,,,,,6,,,,,,,,,,1,"[0, 5, 6, 7, 9, 3]",,,,,resource_sampling,,,,,,1753358211.0186844,,10,,,,,,,,,,
,,,,,,0,,,training,,,0,ComputationTimeEvent,,,,-1,,,,,,,,,,,,,,,1,,,,0,,resource_computation_time,,,,,18.36354923248291,1753358229.3821254,,,,,,,,,,,,
,,,,,,,,,,,,,ParameterTransferEvent,,,,,,,,,,1,2,,,,"{0: {'norm': 3.3227999210357666, 'mean': -0.008574803359806538, 'std': 0.19561001658439636}}",,,,1,,,,,0,parameter_transfer,,"9,1",,,,1753358229.5118084,,,,,,,,,,,,
,,,,,,,,,,,,,ParameterTransferEvent,,,,,,,,,,1,2,,,,"{1: {'norm': 3.3103229999542236, 'mean': -0.007490839343518019, 'std': 0.19491876661777496}}",,,,1,,,,,1,parameter_transfer,,"0,2",,,,1753358229.5118852,,,,,,,,,,,,
,,,,,,,,,,,,,ParameterTransferEvent,,,,,,,,,,1,2,,,,"{2: {'norm': 3.3103229999542236, 'mean': -0.007490839343518019, 'std': 0.19491876661777496}}",,,,1,,,,,2,parameter_transfer,,"1,3",,,,1753358229.5119188,,,,,,,,,,,,
,,,,,,,,,,,,,ParameterTransferEvent,,,,,,,,,,1,2,,,,"{3: {'norm': 3.3283846378326416, 'mean': -0.006143677048385143, 'std': 0.19603069126605988}}",,,,1,,,,,3,parameter_transfer,,"2,4",,,,1753358229.5119479,,,,,,,,,,,,
,,,,,,,,,,,,,ParameterTransferEvent,,,,,,,,,,1,2,,,,"{4: {'norm': 3.3103229999542236, 'mean': -0.007490839343518019, 'std': 0.19491876661777496}}",,,,1,,,,,4,parameter_transfer,,"3,5",,,,1753358229.5119772,,,,,,,,,,,,
,,,,,,,,,,,,,ParameterTransferEvent,,,,,,,,,,1,2,,,,"{5: {'norm': 3.3347620964050293, 'mean': -0.007467165589332581, 'std': 0.19636081159114838}}",,,,1,,,,,5,parameter_transfer,,"4,6",,,,1753358229.512004,,,,,,,,,,,,
,,,,,,,,,,,,,ParameterTransferEvent,,,,,,,,,,1,2,,,,"{6: {'norm': 3.3230228424072266, 'mean': -0.008572738617658615, 'std': 0.1956232637166977}}",,,,1,,,,,6,parameter_transfer,,"5,7",,,,1753358229.5120301,,,,,,,,,,,,
,,,,,,,,,,,,,ParameterTransferEvent,,,,,,,,,,1,2,,,,"{7: {'norm': 3.331711769104004, 'mean': -0.005169679876416922, 'std': 0.1962549239397049}}",,,,1,,,,,7,parameter_transfer,,"6,8",,,,1753358229.5120575,,,,,,,,,,,,
,,,,,,,,,,,,,ParameterTransferEvent,,,,,,,,,,1,2,,,,"{8: {'norm': 3.3103229999542236, 'mean': -0.007490839343518019, 'std': 0.19491876661777496}}",,,,1,,,,,8,parameter_transfer,,"7,9",,,,1753358229.512083,,,,,,,,,,,,
,,,,,,,,,,,,,ParameterTransferEvent,,,,,,,,,,1,2,,,,"{9: {'norm': 3.3209614753723145, 'mean': -0.007677597459405661, 'std': 0.19553886353969574}}",,,,1,,,,,9,parameter_transfer,,"8,0",,,,1753358229.512165,,,,,,,,,,,,
,,,,0,,,,,,,,,AggregationEvent,,,,,,,,3,,,,,,,,"0,9,1",,,1,,,,,,aggregation,GossipAvg,,,,,1753358229.5122,,,,,,,,,,,,
,,,,1,,,,,,,,,AggregationEvent,,,,,,,,3,,,,,,,,"1,0,2",,,1,,,,,,aggregation,GossipAvg,,,,,1753358229.5122235,,,,,,,,,,,,
,,,,2,,,,,,,,,AggregationEvent,,,,,,,,3,,,,,,,,"2,1,3",,,1,,,,,,aggregation,GossipAvg,,,,,1753358229.5122585,,,,,,,,,,,,
,,,,3,,,,,,,,,AggregationEvent,,,,,,,,3,,,,,,,,"3,2,4",,,1,,,,,,aggregation,GossipAvg,,,,,1753358229.512285,,,,,,,,,,,,
,,,,4,,,,,,,,,AggregationEvent,,,,,,,,3,,,,,,,,"4,3,5",,,1,,,,,,aggregation,GossipAvg,,,,,1753358229.5123081,,,,,,,,,,,,
,,,,5,,,,,,,,,AggregationEvent,,,,,,,,3,,,,,,,,"5,4,6",,,1,,,,,,aggregation,GossipAvg,,,,,1753358229.5123308,,,,,,,,,,,,
,,,,6,,,,,,,,,AggregationEvent,,,,,,,,3,,,,,,,,"6,5,7",,,1,,,,,,aggregation,GossipAvg,,,,,1753358229.5123525,,,,,,,,,,,,
,,,,7,,,,,,,,,AggregationEvent,,,,,,,,3,,,,,,,,"7,6,8",,,1,,,,,,aggregation,GossipAvg,,,,,1753358229.5123692,,,,,,,,,,,,
,,,,8,,,,,,,,,AggregationEvent,,,,,,,,3,,,,,,,,"8,7,9",,,1,,,,,,aggregation,GossipAvg,,,,,1753358229.5123892,,,,,,,,,,,,
,,,,9,,,,,,,,,AggregationEvent,,,,,,,,3,,,,,,,,"9,8,0",,,1,,,,,,aggregation,GossipAvg,,,,,1753358229.5124102,,,,,,,,,,,,
,,,,,,,,,,,,,ModelUpdateEvent,,,,,,,,,,,,10,,6.492857864550386,,,,,1,,,,,,model_update,,,,,,1753358229.8877628,,,,,,,,,,,,"0,1,2,3,4,5,6,7,8,9"
0.3052,,,,,,,,,,,,,EvaluationEvent,2.6128920398712157,"{'loss': 2.6128920398712157, 'accuracy': 0.3052}",,,,,,,,,,,,,,,,,1,,,,,,evaluation,,,,,,1753358230.4063146,,,,,,,,,,,,
,,,,,,,,40.0,,,,,ResourceSummaryEvent,,,,,,,,,,,,,,,,,0.01574171563017499,19.387975692749023,1,,6,,,,resource_resource_summary,,,,3.2313292821248374,,1753358230.4063864,,,10,33767200,0,,,,,,,
,"0,1,2,3,4,5,6,7,8,9",,,,,,,,,,,,LocalTrainingEvent,,{},,,,10,,,,,,,,,,,,,2,,,,,,local_training,,,,,,1753358230.6941328,,,,,,,,,3,,,
,,0.6,,,,,0.6,,,,"{4: 1.0, 2: 1.0, 9: 1.0, 6: 1.0, 0: 1.0, 3: 1.0}",,SamplingEvent,,,,,,,,,6,,,,,,,,,,2,"[4, 2, 9, 6, 0, 3]",,,,,resource_sampling,,,,,,1753358230.6943157,,10,,,,,,,,,,
,,,,,,0,,,training,,,0,ComputationTimeEvent,,,,-1,,,,,,,,,,,,,,,2,,,,0,,resource_computation_time,,,,,16.9593608379364,1753358247.6535583,,,,,,,,,,,,
,,,,,,,,,,,,,ParameterTransferEvent,,,,,,,,,,1,2,,,,"{0: {'norm': 3.318871021270752, 'mean': -0.007244729436933994, 'std': 0.19543211162090302}}",,,,2,,,,,0,parameter_transfer,,"9,1",,,,1753358247.7638278,,,,,,,,,,,,
,,,,,,,,,,,,,ParameterTransferEvent,,,,,,,,,,1,2,,,,"{1: {'norm': 3.311066150665283, 'mean': -0.007674384396523237, 'std': 0.19495545327663422}}",,,,2,,,,,1,parameter_transfer,,"0,2",,,,1753358247.763895,,,,,,,,,,,,
,,,,,,,,,,,,,ParameterTransferEvent,,,,,,,,,,1,2,,,,"{2: {'norm': 3.311539888381958, 'mean': -0.007124450523406267, 'std': 0.19500425457954407}}",,,,2,,,,,2,parameter_transfer,,"1,3",,,,1753358247.763929,,,,,,,,,,,,
,,,,,,,,,,,,,ParameterTransferEvent,,,,,,,,,,1,2,,,,"{3: {'norm': 3.3149449825286865, 'mean': -0.007214459124952555, 'std': 0.19520172476768494}}",,,,2,,,,,3,parameter_transfer,,"2,4",,,,1753358247.7639587,,,,,,,,,,,,
,,,,,,,,,,,,,ParameterTransferEvent,,,,,,,,,,1,2,,,,"{4: {'norm': 3.3315813541412354, 'mean': -0.007182195782661438, 'std': 0.19618389010429382}}",,,,2,,,,,4,parameter_transfer,,"3,5",,,,1753358247.7639863,,,,,,,,,,,,
,,,,,,,,,,,,,ParameterTransferEvent,,,,,,,,,,1,2,,,,"{5: {'norm': 3.3210489749908447, 'mean': -0.007720611058175564, 'std': 0.1955423206090927}}",,,,2,,,,,5,parameter_transfer,,"4,6",,,,1753358247.7640128,,,,,,,,,,,,
,,,,,,,,,,,,,ParameterTransferEvent,,,,,,,,,,1,2,,,,"{6: {'norm': 3.3177969455718994, 'mean': -0.007125861942768097, 'std': 0.19537314772605896}}",,,,2,,,,,6,parameter_transfer,,"5,7",,,,1753358247.764038,,,,,,,,,,,,
,,,,,,,,,,,,,ParameterTransferEvent,,,,,,,,,,1,2,,,,"{7: {'norm': 3.315617084503174, 'mean': -0.007067481521517038, 'std': 0.19524674117565155}}",,,,2,,,,,7,parameter_transfer,,"6,8",,,,1753358247.7641065,,,,,,,,,,,,
,,,,,,,,,,,,,ParameterTransferEvent,,,,,,,,,,1,2,,,,"{8: {'norm': 3.3121469020843506, 'mean': -0.007429818157106638, 'std': 0.19502867758274078}}",,,,2,,,,,8,parameter_transfer,,"7,9",,,,1753358247.7641335,,,,,,,,,,,,
,,,,,,,,,,,,,ParameterTransferEvent,,,,,,,,,,1,2,,,,"{9: {'norm': 3.317033052444458, 'mean': -0.007570222020149231, 'std': 0.19531139731407166}}",,,,2,,,,,9,parameter_transfer,,"8,0",,,,1753358247.7641575,,,,,,,,,,,,
,,,,0,,,,,,,,,AggregationEvent,,,,,,,,3,,,,,,,,"0,9,1",,,2,,,,,,aggregation,GossipAvg,,,,,1753358247.7641869,,,,,,,,,,,,
,,,,1,,,,,,,,,AggregationEvent,,,,,,,,3,,,,,,,,"1,0,2",,,2,,,,,,aggregation,GossipAvg,,,,,1753358247.7642052,,,,,,,,,,,,
,,,,2,,,,,,,,,AggregationEvent,,,,,,,,3,,,,,,,,"2,1,3",,,2,,,,,,aggregation,GossipAvg,,,,,1753358247.7642186,,,,,,,,,,,,
,,,,3,,,,,,,,,AggregationEvent,,,,,,,,3,,,,,,,,"3,2,4",,,2,,,,,,aggregation,GossipAvg,,,,,1753358247.7642324,,,,,,,,,,,,
,,,,4,,,,,,,,,AggregationEvent,,,,,,,,3,,,,,,,,"4,3,5",,,2,,,,,,aggregation,GossipAvg,,,,,1753358247.7642434,,,,,,,,,,,,
,,,,5,,,,,,,,,AggregationEvent,,,,,,,,3,,,,,,,,"5,4,6",,,2,,,,,,aggregation,GossipAvg,,,,,1753358247.764254,,,,,,,,,,,,
,,,,6,,,,,,,,,AggregationEvent,,,,,,,,3,,,,,,,,"6,5,7",,,2,,,,,,aggregation,GossipAvg,,,,,1753358247.764266,,,,,,,,,,,,
,,,,7,,,,,,,,,AggregationEvent,,,,,,,,3,,,,,,,,"7,6,8",,,2,,,,,,aggregation,GossipAvg,,,,,1753358247.7642832,,,,,,,,,,,,
,,,,8,,,,,,,,,AggregationEvent,,,,,,,,3,,,,,,,,"8,7,9",,,2,,,,,,aggregation,GossipAvg,,,,,1753358247.7642984,,,,,,,,,,,,
,,,,9,,,,,,,,,AggregationEvent,,,,,,,,3,,,,,,,,"9,8,0",,,2,,,,,,aggregation,GossipAvg,,,,,1753358247.764311,,,,,,,,,,,,
,,,,,,,,,,,,,ModelUpdateEvent,,,,,,,,,,,,10,,5.883646572031266,,,,,2,,,,,,model_update,,,,,,1753358248.1486099,,,,,,,,,,,,"0,1,2,3,4,5,6,7,8,9"
0.3071,,,,,,,,,,,,,EvaluationEvent,2.5761948554992675,"{'loss': 2.5761948554992675, 'accuracy': 0.3071}",,,,,,,,,,,,,,,,,2,,,,,,evaluation,,,,,,1753358248.7157629,,,,,,,,,,,,
,,,,,,,,40.0,,,,,ResourceSummaryEvent,,,,,,,,,,,,,,,,,0.017040485790153288,18.0217866897583,2,,6,,,,resource_resource_summary,,,,3.003631114959717,,1753358248.715817,,,10,33767200,0,,,,,,,
,"0,1,2,3,4,5,6,7,8,9",,,,,,,,,,,,LocalTrainingEvent,,{},,,,10,,,,,,,,,,,,,3,,,,,,local_training,,,,,,1753358249.001451,,,,,,,,,3,,,
,,0.6,,,,,0.6,,,,"{8: 1.0, 9: 1.0, 0: 1.0, 2: 1.0, 3: 1.0, 7: 1.0}",,SamplingEvent,,,,,,,,,6,,,,,,,,,,3,"[8, 9, 0, 2, 3, 7]",,,,,resource_sampling,,,,,,1753358249.0016484,,10,,,,,,,,,,
,,,,,,0,,,training,,,0,ComputationTimeEvent,,,,-1,,,,,,,,,,,,,,,3,,,,0,,resource_computation_time,,,,,20.01419997215271,1753358269.0157301,,,,,,,,,,,,
,,,,,,,,,,,,,ParameterTransferEvent,,,,,,,,,,1,2,,,,"{0: {'norm': 3.3210976123809814, 'mean': -0.006570970639586449, 'std': 0.19558720290660858}}",,,,3,,,,,0,parameter_transfer,,"9,1",,,,1753358269.1320279,,,,,,,,,,,,
,,,,,,,,,,,,,ParameterTransferEvent,,,,,,,,,,1,2,,,,"{1: {'norm': 3.311150074005127, 'mean': -0.007523605599999428, 'std': 0.19496628642082214}}",,,,3,,,,,1,parameter_transfer,,"0,2",,,,1753358269.1321461,,,,,,,,,,,,
,,,,,,,,,,,,,ParameterTransferEvent,,,,,,,,,,1,2,,,,"{2: {'norm': 3.3078339099884033, 'mean': -0.007571009453386068, 'std': 0.19476889073848724}}",,,,3,,,,,2,parameter_transfer,,"1,3",,,,1753358269.132181,,,,,,,,,,,,
,,,,,,,,,,,,,ParameterTransferEvent,,,,,,,,,,1,2,,,,"{3: {'norm': 3.329041004180908, 'mean': -0.007154901046305895, 'std': 0.19603510200977325}}",,,,3,,,,,3,parameter_transfer,,"2,4",,,,1753358269.132208,,,,,,,,,,,,
,,,,,,,,,,,,,ParameterTransferEvent,,,,,,,,,,1,2,,,,"{4: {'norm': 3.3198232650756836, 'mean': -0.0073801493272185326, 'std': 0.19548319280147552}}",,,,3,,,,,4,parameter_transfer,,"3,5",,,,1753358269.1322355,,,,,,,,,,,,
,,,,,,,,,,,,,ParameterTransferEvent,,,,,,,,,,1,2,,,,"{5: {'norm': 3.3178672790527344, 'mean': -0.00743327708914876, 'std': 0.19536584615707397}}",,,,3,,,,,5,parameter_transfer,,"4,6",,,,1753358269.132263,,,,,,,,,,,,
,,,,,,,,,,,,,ParameterTransferEvent,,,,,,,,,,1,2,,,,"{6: {'norm': 3.3162882328033447, 'mean': -0.007248878479003906, 'std': 0.19527967274188995}}",,,,3,,,,,6,parameter_transfer,,"5,7",,,,1753358269.1322985,,,,,,,,,,,,
,,,,,,,,,,,,,ParameterTransferEvent,,,,,,,,,,1,2,,,,"{7: {'norm': 3.31138277053833, 'mean': -0.006834352854639292, 'std': 0.1950053721666336}}",,,,3,,,,,7,parameter_transfer,,"6,8",,,,1753358269.1323266,,,,,,,,,,,,
,,,,,,,,,,,,,ParameterTransferEvent,,,,,,,,,,1,2,,,,"{8: {'norm': 3.3129899501800537, 'mean': -0.008563172072172165, 'std': 0.19503191113471985}}",,,,3,,,,,8,parameter_transfer,,"7,9",,,,1753358269.1323512,,,,,,,,,,,,
,,,,,,,,,,,,,ParameterTransferEvent,,,,,,,,,,1,2,,,,"{9: {'norm': 3.3275535106658936, 'mean': -0.007420935668051243, 'std': 0.19593748450279236}}",,,,3,,,,,9,parameter_transfer,,"8,0",,,,1753358269.132374,,,,,,,,,,,,
,,,,0,,,,,,,,,AggregationEvent,,,,,,,,3,,,,,,,,"0,9,1",,,3,,,,,,aggregation,GossipAvg,,,,,1753358269.1324027,,,,,,,,,,,,
,,,,1,,,,,,,,,AggregationEvent,,,,,,,,3,,,,,,,,"1,0,2",,,3,,,,,,aggregation,GossipAvg,,,,,1753358269.13242,,,,,,,,,,,,
,,,,2,,,,,,,,,AggregationEvent,,,,,,,,3,,,,,,,,"2,1,3",,,3,,,,,,aggregation,GossipAvg,,,,,1753358269.1324337,,,,,,,,,,,,
,,,,3,,,,,,,,,AggregationEvent,,,,,,,,3,,,,,,,,"3,2,4",,,3,,,,,,aggregation,GossipAvg,,,,,1753358269.132448,,,,,,,,,,,,
,,,,4,,,,,,,,,AggregationEvent,,,,,,,,3,,,,,,,,"4,3,5",,,3,,,,,,aggregation,GossipAvg,,,,,1753358269.1324592,,,,,,,,,,,,
,,,,5,,,,,,,,,AggregationEvent,,,,,,,,3,,,,,,,,"5,4,6",,,3,,,,,,aggregation,GossipAvg,,,,,1753358269.132472,,,,,,,,,,,,
,,,,6,,,,,,,,,AggregationEvent,,,,,,,,3,,,,,,,,"6,5,7",,,3,,,,,,aggregation,GossipAvg,,,,,1753358269.1324835,,,,,,,,,,,,
,,,,7,,,,,,,,,AggregationEvent,,,,,,,,3,,,,,,,,"7,6,8",,,3,,,,,,aggregation,GossipAvg,,,,,1753358269.1324954,,,,,,,,,,,,
,,,,8,,,,,,,,,AggregationEvent,,,,,,,,3,,,,,,,,"8,7,9",,,3,,,,,,aggregation,GossipAvg,,,,,1753358269.1325066,,,,,,,,,,,,
,,,,9,,,,,,,,,AggregationEvent,,,,,,,,3,,,,,,,,"9,8,0",,,3,,,,,,aggregation,GossipAvg,,,,,1753358269.1326156,,,,,,,,,,,,
,,,,,,,,,,,,,ModelUpdateEvent,,,,,,,,,,,,10,,5.88364518066485,,,,,3,,,,,,model_update,,,,,,1753358269.512405,,,,,,,,,,,,"0,1,2,3,4,5,6,7,8,9"
0.3079,,,,,,,,,,,,,EvaluationEvent,2.6245865463256837,"{'loss': 2.6245865463256837, 'accuracy': 0.3079}",,,,,,,,,,,,,,,,,3,,,,,,evaluation,,,,,,1753358270.0195332,,,,,,,,,,,,
,,,,,,,,40.0,,,,,ResourceSummaryEvent,,,,,,,,,,,,,,,,,0.014649220966854604,21.018182516098022,3,,6,,,,resource_resource_summary,,,,3.5030304193496704,,1753358270.0195904,,,10,33767200,0,,,,,,,
,"0,1,2,3,4,5,6,7,8,9",,,,,,,,,,,,LocalTrainingEvent,,{},,,,10,,,,,,,,,,,,,4,,,,,,local_training,,,,,,1753358270.3231783,,,,,,,,,3,,,
,,0.6,,,,,0.6,,,,"{9: 1.0, 1: 1.0, 5: 1.0, 8: 1.0, 2: 1.0, 0: 1.0}",,SamplingEvent,,,,,,,,,6,,,,,,,,,,4,"[9, 1, 5, 8, 2, 0]",,,,,resource_sampling,,,,,,1753358270.3233433,,10,,,,,,,,,,
,,,,,,0,,,training,,,0,ComputationTimeEvent,,,,-1,,,,,,,,,,,,,,,4,,,,0,,resource_computation_time,,,,,16.939547300338745,1753358287.2627828,,,,,,,,,,,,
,,,,,,,,,,,,,ParameterTransferEvent,,,,,,,,,,1,2,,,,"{0: {'norm': 3.3234446048736572, 'mean': -0.006508388556540012, 'std': 0.19572767615318298}}",,,,4,,,,,0,parameter_transfer,,"9,1",,,,1753358287.3781507,,,,,,,,,,,,
,,,,,,,,,,,,,ParameterTransferEvent,,,,,,,,,,1,2,,,,"{1: {'norm': 3.3084001541137695, 'mean': -0.006843722425401211, 'std': 0.19482918083667755}}",,,,4,,,,,1,parameter_transfer,,"0,2",,,,1753358287.3782163,,,,,,,,,,,,
,,,,,,,,,,,,,ParameterTransferEvent,,,,,,,,,,1,2,,,,"{2: {'norm': 3.3105602264404297, 'mean': -0.007457201834768057, 'std': 0.19493402540683746}}",,,,4,,,,,2,parameter_transfer,,"1,3",,,,1753358287.3782492,,,,,,,,,,,,
,,,,,,,,,,,,,ParameterTransferEvent,,,,,,,,,,1,2,,,,"{3: {'norm': 3.3226358890533447, 'mean': -0.007256113924086094, 'std': 0.19565369188785553}}",,,,4,,,,,3,parameter_transfer,,"2,4",,,,1753358287.3782794,,,,,,,,,,,,
,,,,,,,,,,,,,ParameterTransferEvent,,,,,,,,,,1,2,,,,"{4: {'norm': 3.3192100524902344, 'mean': -0.007351691368967295, 'std': 0.195448100566864}}",,,,4,,,,,4,parameter_transfer,,"3,5",,,,1753358287.378307,,,,,,,,,,,,
,,,,,,,,,,,,,ParameterTransferEvent,,,,,,,,,,1,2,,,,"{5: {'norm': 3.3332791328430176, 'mean': -0.007708393968641758, 'std': 0.19626404345035553}}",,,,4,,,,,5,parameter_transfer,,"4,6",,,,1753358287.378332,,,,,,,,,,,,
,,,,,,,,,,,,,ParameterTransferEvent,,,,,,,,,,1,2,,,,"{6: {'norm': 3.3150792121887207, 'mean': -0.007206891197711229, 'std': 0.19520993530750275}}",,,,4,,,,,6,parameter_transfer,,"5,7",,,,1753358287.3783567,,,,,,,,,,,,
,,,,,,,,,,,,,ParameterTransferEvent,,,,,,,,,,1,2,,,,"{7: {'norm': 3.3087587356567383, 'mean': -0.007841878570616245, 'std': 0.19481270015239716}}",,,,4,,,,,7,parameter_transfer,,"6,8",,,,1753358287.3783805,,,,,,,,,,,,
,,,,,,,,,,,,,ParameterTransferEvent,,,,,,,,,,1,2,,,,"{8: {'norm': 3.3074498176574707, 'mean': -0.007884157821536064, 'std': 0.19473381340503693}}",,,,4,,,,,8,parameter_transfer,,"7,9",,,,1753358287.3784049,,,,,,,,,,,,
,,,,,,,,,,,,,ParameterTransferEvent,,,,,,,,,,1,2,,,,"{9: {'norm': 3.3143837451934814, 'mean': -0.00795761775225401, 'std': 0.19513973593711853}}",,,,4,,,,,9,parameter_transfer,,"8,0",,,,1753358287.3784318,,,,,,,,,,,,
,,,,0,,,,,,,,,AggregationEvent,,,,,,,,3,,,,,,,,"0,9,1",,,4,,,,,,aggregation,GossipAvg,,,,,1753358287.3784602,,,,,,,,,,,,
,,,,1,,,,,,,,,AggregationEvent,,,,,,,,3,,,,,,,,"1,0,2",,,4,,,,,,aggregation,GossipAvg,,,,,1753358287.3784785,,,,,,,,,,,,
,,,,2,,,,,,,,,AggregationEvent,,,,,,,,3,,,,,,,,"2,1,3",,,4,,,,,,aggregation,GossipAvg,,,,,1753358287.3784926,,,,,,,,,,,,
,,,,3,,,,,,,,,AggregationEvent,,,,,,,,3,,,,,,,,"3,2,4",,,4,,,,,,aggregation,GossipAvg,,,,,1753358287.3785048,,,,,,,,,,,,
,,,,4,,,,,,,,,AggregationEvent,,,,,,,,3,,,,,,,,"4,3,5",,,4,,,,,,aggregation,GossipAvg,,,,,1753358287.3785172,,,,,,,,,,,,
,,,,5,,,,,,,,,AggregationEvent,,,,,,,,3,,,,,,,,"5,4,6",,,4,,,,,,aggregation,GossipAvg,,,,,1753358287.3785298,,,,,,,,,,,,
,,,,6,,,,,,,,,AggregationEvent,,,,,,,,3,,,,,,,,"6,5,7",,,4,,,,,,aggregation,GossipAvg,,,,,1753358287.3785424,,,,,,,,,,,,
,,,,7,,,,,,,,,AggregationEvent,,,,,,,,3,,,,,,,,"7,6,8",,,4,,,,,,aggregation,GossipAvg,,,,,1753358287.3785563,,,,,,,,,,,,
,,,,8,,,,,,,,,AggregationEvent,,,,,,,,3,,,,,,,,"8,7,9",,,4,,,,,,aggregation,GossipAvg,,,,,1753358287.3790843,,,,,,,,,,,,
,,,,9,,,,,,,,,AggregationEvent,,,,,,,,3,,,,,,,,"9,8,0",,,4,,,,,,aggregation,GossipAvg,,,,,1753358287.3791065,,,,,,,,,,,,
,,,,,,,,,,,,,ModelUpdateEvent,,,,,,,,,,,,10,,6.552774580365212,,,,,4,,,,,,model_update,,,,,,1753358287.761297,,,,,,,,,,,,"0,1,2,3,4,5,6,7,8,9"
0.4557,,,,,,,,,,,,,EvaluationEvent,2.1869259624481203,"{'loss': 2.1869259624481203, 'accuracy': 0.4557}",,,,,,,,,,,,,,,,,4,,,,,,evaluation,,,,,,1753358288.267252,,,,,,,,,,,,
,,,,,,,,40.0,,,,,ResourceSummaryEvent,,,,,,,,,,,,,,,,,0.02539541291062854,17.944185495376587,4,,6,,,,resource_resource_summary,,,,2.9906975825627646,,1753358288.2673085,,,10,33767200,0,,,,,,,
,"0,1,2,3,4,5,6,7,8,9",,,,,,,,,,,,LocalTrainingEvent,,{},,,,10,,,,,,,,,,,,,5,,,,,,local_training,,,,,,1753358288.5789292,,,,,,,,,3,,,
,,0.6,,,,,0.6,,,,"{0: 1.0, 1: 1.0, 2: 1.0, 5: 1.0, 8: 1.0, 9: 1.0}",,SamplingEvent,,,,,,,,,6,,,,,,,,,,5,"[0, 1, 2, 5, 8, 9]",,,,,resource_sampling,,,,,,1753358288.5791404,,10,,,,,,,,,,
,,,,,,0,,,training,,,0,ComputationTimeEvent,,,,-1,,,,,,,,,,,,,,,5,,,,0,,resource_computation_time,,,,,4.297566652297974,1753358292.876561,,,,,,,,,,,,
,,,,,,,,,,,,,ParameterTransferEvent,,,,,,,,,,1,2,,,,"{0: {'norm': 3.292638063430786, 'mean': -0.006851008161902428, 'std': 0.19389957189559937}}",,,,5,,,,,0,parameter_transfer,,"9,1",,,,1753358292.9922225,,,,,,,,,,,,
,,,,,,,,,,,,,ParameterTransferEvent,,,,,,,,,,1,2,,,,"{1: {'norm': 3.3130438327789307, 'mean': -0.006664712447673082, 'std': 0.19510918855667114}}",,,,5,,,,,1,parameter_transfer,,"0,2",,,,1753358292.9922876,,,,,,,,,,,,
,,,,,,,,,,,,,ParameterTransferEvent,,,,,,,,,,1,2,,,,"{2: {'norm': 3.3201582431793213, 'mean': -0.0069363354705274105, 'std': 0.19551919400691986}}",,,,5,,,,,2,parameter_transfer,,"1,3",,,,1753358292.9923244,,,,,,,,,,,,
,,,,,,,,,,,,,ParameterTransferEvent,,,,,,,,,,1,2,,,,"{3: {'norm': 3.3197054862976074, 'mean': -0.007279617711901665, 'std': 0.19548001885414124}}",,,,5,,,,,3,parameter_transfer,,"2,4",,,,1753358292.9923532,,,,,,,,,,,,
,,,,,,,,,,,,,ParameterTransferEvent,,,,,,,,,,1,2,,,,"{4: {'norm': 3.3229525089263916, 'mean': -0.007447108626365662, 'std': 0.195665180683136}}",,,,5,,,,,4,parameter_transfer,,"3,5",,,,1753358292.9923823,,,,,,,,,,,,
,,,,,,,,,,,,,ParameterTransferEvent,,,,,,,,,,1,2,,,,"{5: {'norm': 3.3339672088623047, 'mean': -0.007893030531704426, 'std': 0.1962972730398178}}",,,,5,,,,,5,parameter_transfer,,"4,6",,,,1753358292.992408,,,,,,,,,,,,
,,,,,,,,,,,,,ParameterTransferEvent,,,,,,,,,,1,2,,,,"{6: {'norm': 3.316399574279785, 'mean': -0.0074581485241651535, 'std': 0.1952783465385437}}",,,,5,,,,,6,parameter_transfer,,"5,7",,,,1753358292.992433,,,,,,,,,,,,
,,,,,,,,,,,,,ParameterTransferEvent,,,,,,,,,,1,2,,,,"{7: {'norm': 3.3076140880584717, 'mean': -0.007748328149318695, 'std': 0.19474895298480988}}",,,,5,,,,,7,parameter_transfer,,"6,8",,,,1753358292.9924595,,,,,,,,,,,,
,,,,,,,,,,,,,ParameterTransferEvent,,,,,,,,,,1,2,,,,"{8: {'norm': 3.3102328777313232, 'mean': -0.008311967365443707, 'std': 0.1948801577091217}}",,,,5,,,,,8,parameter_transfer,,"7,9",,,,1753358292.9924846,,,,,,,,,,,,
,,,,,,,,,,,,,ParameterTransferEvent,,,,,,,,,,1,2,,,,"{9: {'norm': 3.306663751602173, 'mean': -0.00791148841381073, 'std': 0.19468633830547333}}",,,,5,,,,,9,parameter_transfer,,"8,0",,,,1753358292.9925106,,,,,,,,,,,,
,,,,0,,,,,,,,,AggregationEvent,,,,,,,,3,,,,,,,,"0,9,1",,,5,,,,,,aggregation,GossipAvg,,,,,1753358292.9925404,,,,,,,,,,,,
,,,,1,,,,,,,,,AggregationEvent,,,,,,,,3,,,,,,,,"1,0,2",,,5,,,,,,aggregation,GossipAvg,,,,,1753358292.9925585,,,,,,,,,,,,
,,,,2,,,,,,,,,AggregationEvent,,,,,,,,3,,,,,,,,"2,1,3",,,5,,,,,,aggregation,GossipAvg,,,,,1753358292.9925804,,,,,,,,,,,,
,,,,3,,,,,,,,,AggregationEvent,,,,,,,,3,,,,,,,,"3,2,4",,,5,,,,,,aggregation,GossipAvg,,,,,1753358292.992594,,,,,,,,,,,,
,,,,4,,,,,,,,,AggregationEvent,,,,,,,,3,,,,,,,,"4,3,5",,,5,,,,,,aggregation,GossipAvg,,,,,1753358292.9926062,,,,,,,,,,,,
,,,,5,,,,,,,,,AggregationEvent,,,,,,,,3,,,,,,,,"5,4,6",,,5,,,,,,aggregation,GossipAvg,,,,,1753358292.9926178,,,,,,,,,,,,
,,,,6,,,,,,,,,AggregationEvent,,,,,,,,3,,,,,,,,"6,5,7",,,5,,,,,,aggregation,GossipAvg,,,,,1753358292.9926295,,,,,,,,,,,,
,,,,7,,,,,,,,,AggregationEvent,,,,,,,,3,,,,,,,,"7,6,8",,,5,,,,,,aggregation,GossipAvg,,,,,1753358292.9926405,,,,,,,,,,,,
,,,,8,,,,,,,,,AggregationEvent,,,,,,,,3,,,,,,,,"8,7,9",,,5,,,,,,aggregation,GossipAvg,,,,,1753358292.9927444,,,,,,,,,,,,
,,,,9,,,,,,,,,AggregationEvent,,,,,,,,3,,,,,,,,"9,8,0",,,5,,,,,,aggregation,GossipAvg,,,,,1753358292.9927611,,,,,,,,,,,,
,,,,,,,,,,,,,ModelUpdateEvent,,,,,,,,,,,,10,,6.418196988931328,,,,,5,,,,,,model_update,,,,,,1753358293.3683157,,,,,,,,,,,,"0,1,2,3,4,5,6,7,8,9"
0.4791,,,,,,,,,,,,,EvaluationEvent,2.0606589694976805,"{'loss': 2.0606589694976805, 'accuracy': 0.4791}",,,,,,,,,,,,,,,,,5,,,,,,evaluation,,,,,,1753358293.8787026,,,,,,,,,,,,
,,,,,,,,40.0,,,,,ResourceSummaryEvent,,,,,,,,,,,,,,,,,0.0902809728194431,5.306766033172607,5,,6,,,,resource_resource_summary,,,,0.8844610055287679,,1753358293.8787608,,,10,33767200,0,,,,,,,
,"0,1,2,3,4,5,6,7,8,9",,,,,,,,,,,,LocalTrainingEvent,,{},,,,10,,,,,,,,,,,,,6,,,,,,local_training,,,,,,1753358294.2014544,,,,,,,,,3,,,
,,0.6,,,,,0.6,,,,"{5: 1.0, 4: 1.0, 8: 1.0, 9: 1.0, 6: 1.0, 7: 1.0}",,SamplingEvent,,,,,,,,,6,,,,,,,,,,6,"[5, 4, 8, 9, 6, 7]",,,,,resource_sampling,,,,,,1753358294.2016625,,10,,,,,,,,,,
,,,,,,0,,,training,,,0,ComputationTimeEvent,,,,-1,,,,,,,,,,,,,,,6,,,,0,,resource_computation_time,,,,,4.48576545715332,1753358298.6872852,,,,,,,,,,,,
,,,,,,,,,,,,,ParameterTransferEvent,,,,,,,,,,1,2,,,,"{0: {'norm': 3.3012099266052246, 'mean': -0.0069542545825243, 'std': 0.1944013088941574}}",,,,6,,,,,0,parameter_transfer,,"9,1",,,,1753358298.8035495,,,,,,,,,,,,
,,,,,,,,,,,,,ParameterTransferEvent,,,,,,,,,,1,2,,,,"{1: {'norm': 3.3079330921173096, 'mean': -0.006819476839154959, 'std': 0.19480249285697937}}",,,,6,,,,,1,parameter_transfer,,"0,2",,,,1753358298.8036158,,,,,,,,,,,,
,,,,,,,,,,,,,ParameterTransferEvent,,,,,,,,,,1,2,,,,"{2: {'norm': 3.3132731914520264, 'mean': -0.007054575718939304, 'std': 0.19510899484157562}}",,,,6,,,,,2,parameter_transfer,,"1,3",,,,1753358298.8036475,,,,,,,,,,,,
,,,,,,,,,,,,,ParameterTransferEvent,,,,,,,,,,1,2,,,,"{3: {'norm': 3.3197622299194336, 'mean': -0.00731370085850358, 'std': 0.19548209011554718}}",,,,6,,,,,3,parameter_transfer,,"2,4",,,,1753358298.8036761,,,,,,,,,,,,
,,,,,,,,,,,,,ParameterTransferEvent,,,,,,,,,,1,2,,,,"{4: {'norm': 3.3343570232391357, 'mean': -0.0076457420364022255, 'std': 0.19633005559444427}}",,,,6,,,,,4,parameter_transfer,,"3,5",,,,1753358298.8037028,,,,,,,,,,,,
,,,,,,,,,,,,,ParameterTransferEvent,,,,,,,,,,1,2,,,,"{5: {'norm': 3.3228487968444824, 'mean': -0.008255460299551487, 'std': 0.1956266313791275}}",,,,6,,,,,5,parameter_transfer,,"4,6",,,,1753358298.8037307,,,,,,,,,,,,
,,,,,,,,,,,,,ParameterTransferEvent,,,,,,,,,,1,2,,,,"{6: {'norm': 3.3268589973449707, 'mean': -0.007627809885889292, 'std': 0.19588857889175415}}",,,,6,,,,,6,parameter_transfer,,"5,7",,,,1753358298.803755,,,,,,,,,,,,
,,,,,,,,,,,,,ParameterTransferEvent,,,,,,,,,,1,2,,,,"{7: {'norm': 3.3117196559906006, 'mean': -0.007410701829940081, 'std': 0.1950041949748993}}",,,,6,,,,,7,parameter_transfer,,"6,8",,,,1753358298.8037796,,,,,,,,,,,,
,,,,,,,,,,,,,ParameterTransferEvent,,,,,,,,,,1,2,,,,"{8: {'norm': 3.3101956844329834, 'mean': -0.009140304289758205, 'std': 0.19484087824821472}}",,,,6,,,,,8,parameter_transfer,,"7,9",,,,1753358298.803804,,,,,,,,,,,,
,,,,,,,,,,,,,ParameterTransferEvent,,,,,,,,,,1,2,,,,"{9: {'norm': 3.3082573413848877, 'mean': -0.00787010882049799, 'std': 0.19478201866149902}}",,,,6,,,,,9,parameter_transfer,,"8,0",,,,1753358298.8038282,,,,,,,,,,,,
,,,,0,,,,,,,,,AggregationEvent,,,,,,,,3,,,,,,,,"0,9,1",,,6,,,,,,aggregation,GossipAvg,,,,,1753358298.8038566,,,,,,,,,,,,
,,,,1,,,,,,,,,AggregationEvent,,,,,,,,3,,,,,,,,"1,0,2",,,6,,,,,,aggregation,GossipAvg,,,,,1753358298.8038743,,,,,,,,,,,,
,,,,2,,,,,,,,,AggregationEvent,,,,,,,,3,,,,,,,,"2,1,3",,,6,,,,,,aggregation,GossipAvg,,,,,1753358298.8038874,,,,,,,,,,,,
,,,,3,,,,,,,,,AggregationEvent,,,,,,,,3,,,,,,,,"3,2,4",,,6,,,,,,aggregation,GossipAvg,,,,,1753358298.8039005,,,,,,,,,,,,
,,,,4,,,,,,,,,AggregationEvent,,,,,,,,3,,,,,,,,"4,3,5",,,6,,,,,,aggregation,GossipAvg,,,,,1753358298.8039124,,,,,,,,,,,,
,,,,5,,,,,,,,,AggregationEvent,,,,,,,,3,,,,,,,,"5,4,6",,,6,,,,,,aggregation,GossipAvg,,,,,1753358298.8039246,,,,,,,,,,,,
,,,,6,,,,,,,,,AggregationEvent,,,,,,,,3,,,,,,,,"6,5,7",,,6,,,,,,aggregation,GossipAvg,,,,,1753358298.8039362,,,,,,,,,,,,
,,,,7,,,,,,,,,AggregationEvent,,,,,,,,3,,,,,,,,"7,6,8",,,6,,,,,,aggregation,GossipAvg,,,,,1753358298.803948,,,,,,,,,,,,
,,,,8,,,,,,,,,AggregationEvent,,,,,,,,3,,,,,,,,"8,7,9",,,6,,,,,,aggregation,GossipAvg,,,,,1753358298.804051,,,,,,,,,,,,
,,,,9,,,,,,,,,AggregationEvent,,,,,,,,3,,,,,,,,"9,8,0",,,6,,,,,,aggregation,GossipAvg,,,,,1753358298.8040626,,,,,,,,,,,,
,,,,,,,,,,,,,ModelUpdateEvent,,,,,,,,,,,,10,,6.54485091138069,,,,,6,,,,,,model_update,,,,,,1753358299.1857939,,,,,,,,,,,,"0,1,2,3,4,5,6,7,8,9"
0.4883,,,,,,,,,,,,,EvaluationEvent,1.7329919570922852,"{'loss': 1.7329919570922852, 'accuracy': 0.4883}",,,,,,,,,,,,,,,,,6,,,,,,evaluation,,,,,,1753358299.7760077,,,,,,,,,,,,
,,,,,,,,40.0,,,,,ResourceSummaryEvent,,,,,,,,,,,,,,,,,0.08759293104288896,5.574650764465332,6,,6,,,,resource_resource_summary,,,,0.929108460744222,,1753358299.776095,,,10,33767200,0,,,,,,,
,"0,1,2,3,4,5,6,7,8,9",,,,,,,,,,,,LocalTrainingEvent,,{},,,,10,,,,,,,,,,,,,7,,,,,,local_training,,,,,,1753358300.1306422,,,,,,,,,3,,,
,,0.6,,,,,0.6,,,,"{8: 1.0, 0: 1.0, 2: 1.0, 4: 1.0, 7: 1.0, 3: 1.0}",,SamplingEvent,,,,,,,,,6,,,,,,,,,,7,"[8, 0, 2, 4, 7, 3]",,,,,resource_sampling,,,,,,1753358300.1308303,,10,,,,,,,,,,
,,,,,,0,,,training,,,0,ComputationTimeEvent,,,,-1,,,,,,,,,,,,,,,7,,,,0,,resource_computation_time,,,,,4.428616046905518,1753358304.5593245,,,,,,,,,,,,
,,,,,,,,,,,,,ParameterTransferEvent,,,,,,,,,,1,2,,,,"{0: {'norm': 3.320647716522217, 'mean': -0.006870310753583908, 'std': 0.19555039703845978}}",,,,7,,,,,0,parameter_transfer,,"9,1",,,,1753358304.6725876,,,,,,,,,,,,
,,,,,,,,,,,,,ParameterTransferEvent,,,,,,,,,,1,2,,,,"{1: {'norm': 3.3068697452545166, 'mean': -0.006947262212634087, 'std': 0.19473528861999512}}",,,,7,,,,,1,parameter_transfer,,"0,2",,,,1753358304.6726546,,,,,,,,,,,,
,,,,,,,,,,,,,ParameterTransferEvent,,,,,,,,,,1,2,,,,"{2: {'norm': 3.318657159805298, 'mean': -0.0072417971678078175, 'std': 0.19541960954666138}}",,,,7,,,,,2,parameter_transfer,,"1,3",,,,1753358304.6726873,,,,,,,,,,,,
,,,,,,,,,,,,,ParameterTransferEvent,,,,,,,,,,1,2,,,,"{3: {'norm': 3.3397610187530518, 'mean': -0.00786333903670311, 'std': 0.19664014875888824}}",,,,7,,,,,3,parameter_transfer,,"2,4",,,,1753358304.6727169,,,,,,,,,,,,
,,,,,,,,,,,,,ParameterTransferEvent,,,,,,,,,,1,2,,,,"{4: {'norm': 3.323263168334961, 'mean': -0.00718262791633606, 'std': 0.19569340348243713}}",,,,7,,,,,4,parameter_transfer,,"3,5",,,,1753358304.6727438,,,,,,,,,,,,
,,,,,,,,,,,,,ParameterTransferEvent,,,,,,,,,,1,2,,,,"{5: {'norm': 3.3231191635131836, 'mean': -0.007912331260740757, 'std': 0.19565676152706146}}",,,,7,,,,,5,parameter_transfer,,"4,6",,,,1753358304.6727705,,,,,,,,,,,,
,,,,,,,,,,,,,ParameterTransferEvent,,,,,,,,,,1,2,,,,"{6: {'norm': 3.320127010345459, 'mean': -0.0077073476277291775, 'std': 0.19548846781253815}}",,,,7,,,,,6,parameter_transfer,,"5,7",,,,1753358304.6727967,,,,,,,,,,,,
,,,,,,,,,,,,,ParameterTransferEvent,,,,,,,,,,1,2,,,,"{7: {'norm': 3.3123104572296143, 'mean': -0.009115347638726234, 'std': 0.19496679306030273}}",,,,7,,,,,7,parameter_transfer,,"6,8",,,,1753358304.672821,,,,,,,,,,,,
,,,,,,,,,,,,,ParameterTransferEvent,,,,,,,,,,1,2,,,,"{8: {'norm': 3.3121085166931152, 'mean': -0.008794380351901054, 'std': 0.19496962428092957}}",,,,7,,,,,8,parameter_transfer,,"7,9",,,,1753358304.6728454,,,,,,,,,,,,
,,,,,,,,,,,,,ParameterTransferEvent,,,,,,,,,,1,2,,,,"{9: {'norm': 3.3047261238098145, 'mean': -0.008095722645521164, 'std': 0.19456449151039124}}",,,,7,,,,,9,parameter_transfer,,"8,0",,,,1753358304.672869,,,,,,,,,,,,
,,,,0,,,,,,,,,AggregationEvent,,,,,,,,3,,,,,,,,"0,9,1",,,7,,,,,,aggregation,GossipAvg,,,,,1753358304.6728976,,,,,,,,,,,,
,,,,1,,,,,,,,,AggregationEvent,,,,,,,,3,,,,,,,,"1,0,2",,,7,,,,,,aggregation,GossipAvg,,,,,1753358304.6729186,,,,,,,,,,,,
,,,,2,,,,,,,,,AggregationEvent,,,,,,,,3,,,,,,,,"2,1,3",,,7,,,,,,aggregation,GossipAvg,,,,,1753358304.6729338,,,,,,,,,,,,
,,,,3,,,,,,,,,AggregationEvent,,,,,,,,3,,,,,,,,"3,2,4",,,7,,,,,,aggregation,GossipAvg,,,,,1753358304.6729457,,,,,,,,,,,,
,,,,4,,,,,,,,,AggregationEvent,,,,,,,,3,,,,,,,,"4,3,5",,,7,,,,,,aggregation,GossipAvg,,,,,1753358304.6729586,,,,,,,,,,,,
,,,,5,,,,,,,,,AggregationEvent,,,,,,,,3,,,,,,,,"5,4,6",,,7,,,,,,aggregation,GossipAvg,,,,,1753358304.6729715,,,,,,,,,,,,
,,,,6,,,,,,,,,AggregationEvent,,,,,,,,3,,,,,,,,"6,5,7",,,7,,,,,,aggregation,GossipAvg,,,,,1753358304.6729827,,,,,,,,,,,,
,,,,7,,,,,,,,,AggregationEvent,,,,,,,,3,,,,,,,,"7,6,8",,,7,,,,,,aggregation,GossipAvg,,,,,1753358304.673125,,,,,,,,,,,,
,,,,8,,,,,,,,,AggregationEvent,,,,,,,,3,,,,,,,,"8,7,9",,,7,,,,,,aggregation,GossipAvg,,,,,1753358304.6731403,,,,,,,,,,,,
,,,,9,,,,,,,,,AggregationEvent,,,,,,,,3,,,,,,,,"9,8,0",,,7,,,,,,aggregation,GossipAvg,,,,,1753358304.673152,,,,,,,,,,,,
,,,,,,,,,,,,,ModelUpdateEvent,,,,,,,,,,,,10,,6.514839626433786,,,,,7,,,,,,model_update,,,,,,1753358305.0495627,,,,,,,,,,,,"0,1,2,3,4,5,6,7,8,9"
0.4912,,,,,,,,,,,,,EvaluationEvent,1.6827714107513427,"{'loss': 1.6827714107513427, 'accuracy': 0.4912}",,,,,,,,,,,,,,,,,7,,,,,,evaluation,,,,,,1753358305.5865965,,,,,,,,,,,,
,,,,,,,,40.0,,,,,ResourceSummaryEvent,,,,,,,,,,,,,,,,,0.0900284113229322,5.456055402755737,7,,6,,,,resource_resource_summary,,,,0.9093425671259562,,1753358305.5866568,,,10,33767200,0,,,,,,,
,"0,1,2,3,4,5,6,7,8,9",,,,,,,,,,,,LocalTrainingEvent,,{},,,,10,,,,,,,,,,,,,8,,,,,,local_training,,,,,,1753358305.9176307,,,,,,,,,3,,,
,,0.6,,,,,0.6,,,,"{1: 1.0, 0: 1.0, 5: 1.0, 6: 1.0, 9: 1.0, 4: 1.0}",,SamplingEvent,,,,,,,,,6,,,,,,,,,,8,"[1, 0, 5, 6, 9, 4]",,,,,resource_sampling,,,,,,1753358305.91782,,10,,,,,,,,,,
,,,,,,0,,,training,,,0,ComputationTimeEvent,,,,-1,,,,,,,,,,,,,,,8,,,,0,,resource_computation_time,,,,,4.245837450027466,1753358310.1635382,,,,,,,,,,,,
,,,,,,,,,,,,,ParameterTransferEvent,,,,,,,,,,1,2,,,,"{0: {'norm': 3.307407855987549, 'mean': -0.006450153887271881, 'std': 0.19478410482406616}}",,,,8,,,,,0,parameter_transfer,,"9,1",,,,1753358310.2780092,,,,,,,,,,,,
,,,,,,,,,,,,,ParameterTransferEvent,,,,,,,,,,1,2,,,,"{1: {'norm': 3.3217761516571045, 'mean': -0.006770719308406115, 'std': 0.19562040269374847}}",,,,8,,,,,1,parameter_transfer,,"0,2",,,,1753358310.2781255,,,,,,,,,,,,
,,,,,,,,,,,,,ParameterTransferEvent,,,,,,,,,,1,2,,,,"{2: {'norm': 3.3228535652160645, 'mean': -0.0074665239080786705, 'std': 0.1956586092710495}}",,,,8,,,,,2,parameter_transfer,,"1,3",,,,1753358310.2781606,,,,,,,,,,,,
,,,,,,,,,,,,,ParameterTransferEvent,,,,,,,,,,1,2,,,,"{3: {'norm': 3.329503059387207, 'mean': -0.0075597441755235195, 'std': 0.19604715704917908}}",,,,8,,,,,3,parameter_transfer,,"2,4",,,,1753358310.2781894,,,,,,,,,,,,
,,,,,,,,,,,,,ParameterTransferEvent,,,,,,,,,,1,2,,,,"{4: {'norm': 3.341517925262451, 'mean': -0.006773768924176693, 'std': 0.19678427278995514}}",,,,8,,,,,4,parameter_transfer,,"3,5",,,,1753358310.278216,,,,,,,,,,,,
,,,,,,,,,,,,,ParameterTransferEvent,,,,,,,,,,1,2,,,,"{5: {'norm': 3.3309412002563477, 'mean': -0.007537646219134331, 'std': 0.1961328089237213}}",,,,8,,,,,5,parameter_transfer,,"4,6",,,,1753358310.2782407,,,,,,,,,,,,
,,,,,,,,,,,,,ParameterTransferEvent,,,,,,,,,,1,2,,,,"{6: {'norm': 3.3167636394500732, 'mean': -0.009158696979284286, 'std': 0.1952274590730667}}",,,,8,,,,,6,parameter_transfer,,"5,7",,,,1753358310.2782664,,,,,,,,,,,,
,,,,,,,,,,,,,ParameterTransferEvent,,,,,,,,,,1,2,,,,"{7: {'norm': 3.3108675479888916, 'mean': -0.008619583211839199, 'std': 0.19490422308444977}}",,,,8,,,,,7,parameter_transfer,,"6,8",,,,1753358310.2782917,,,,,,,,,,,,
,,,,,,,,,,,,,ParameterTransferEvent,,,,,,,,,,1,2,,,,"{8: {'norm': 3.3095436096191406, 'mean': -0.008641766384243965, 'std': 0.1948251724243164}}",,,,8,,,,,8,parameter_transfer,,"7,9",,,,1753358310.2783158,,,,,,,,,,,,
,,,,,,,,,,,,,ParameterTransferEvent,,,,,,,,,,1,2,,,,"{9: {'norm': 3.312800884246826, 'mean': -0.007945194840431213, 'std': 0.19504690170288086}}",,,,8,,,,,9,parameter_transfer,,"8,0",,,,1753358310.278341,,,,,,,,,,,,
,,,,0,,,,,,,,,AggregationEvent,,,,,,,,3,,,,,,,,"0,9,1",,,8,,,,,,aggregation,GossipAvg,,,,,1753358310.2783816,,,,,,,,,,,,
,,,,1,,,,,,,,,AggregationEvent,,,,,,,,3,,,,,,,,"1,0,2",,,8,,,,,,aggregation,GossipAvg,,,,,1753358310.2783985,,,,,,,,,,,,
,,,,2,,,,,,,,,AggregationEvent,,,,,,,,3,,,,,,,,"2,1,3",,,8,,,,,,aggregation,GossipAvg,,,,,1753358310.2784107,,,,,,,,,,,,
,,,,3,,,,,,,,,AggregationEvent,,,,,,,,3,,,,,,,,"3,2,4",,,8,,,,,,aggregation,GossipAvg,,,,,1753358310.278425,,,,,,,,,,,,
,,,,4,,,,,,,,,AggregationEvent,,,,,,,,3,,,,,,,,"4,3,5",,,8,,,,,,aggregation,GossipAvg,,,,,1753358310.2784364,,,,,,,,,,,,
,,,,5,,,,,,,,,AggregationEvent,,,,,,,,3,,,,,,,,"5,4,6",,,8,,,,,,aggregation,GossipAvg,,,,,1753358310.2784486,,,,,,,,,,,,
,,,,6,,,,,,,,,AggregationEvent,,,,,,,,3,,,,,,,,"6,5,7",,,8,,,,,,aggregation,GossipAvg,,,,,1753358310.2785566,,,,,,,,,,,,
,,,,7,,,,,,,,,AggregationEvent,,,,,,,,3,,,,,,,,"7,6,8",,,8,,,,,,aggregation,GossipAvg,,,,,1753358310.278572,,,,,,,,,,,,
,,,,8,,,,,,,,,AggregationEvent,,,,,,,,3,,,,,,,,"8,7,9",,,8,,,,,,aggregation,GossipAvg,,,,,1753358310.2785835,,,,,,,,,,,,
,,,,9,,,,,,,,,AggregationEvent,,,,,,,,3,,,,,,,,"9,8,0",,,8,,,,,,aggregation,GossipAvg,,,,,1753358310.2785945,,,,,,,,,,,,
,,,,,,,,,,,,,ModelUpdateEvent,,,,,,,,,,,,10,,6.665769819727695,,,,,8,,,,,,model_update,,,,,,1753358310.6546333,,,,,,,,,,,,"0,1,2,3,4,5,6,7,8,9"
0.5089,,,,,,,,,,,,,EvaluationEvent,1.6277776361465455,"{'loss': 1.6277776361465455, 'accuracy': 0.5089}",,,,,,,,,,,,,,,,,8,,,,,,evaluation,,,,,,1753358311.1643972,,,,,,,,,,,,
,,,,,,,,40.0,,,,,ResourceSummaryEvent,,,,,,,,,,,,,,,,,0.09699112693134791,5.246871709823608,8,,6,,,,resource_resource_summary,,,,0.8744786183039347,,1753358311.1644585,,,10,33767200,0,,,,,,,
,"0,1,2,3,4,5,6,7,8,9",,,,,,,,,,,,LocalTrainingEvent,,{},,,,10,,,,,,,,,,,,,9,,,,,,local_training,,,,,,1753358311.501083,,,,,,,,,3,,,
,,0.6,,,,,0.6,,,,"{8: 1.0, 3: 1.0, 5: 1.0, 6: 1.0, 0: 1.0, 2: 1.0}",,SamplingEvent,,,,,,,,,6,,,,,,,,,,9,"[8, 3, 5, 6, 0, 2]",,,,,resource_sampling,,,,,,1753358311.5012681,,10,,,,,,,,,,
,,,,,,0,,,training,,,0,ComputationTimeEvent,,,,-1,,,,,,,,,,,,,,,9,,,,0,,resource_computation_time,,,,,4.645349025726318,1753358316.1465018,,,,,,,,,,,,
,,,,,,,,,,,,,ParameterTransferEvent,,,,,,,,,,1,2,,,,"{0: {'norm': 3.32890248298645, 'mean': -0.005682222545146942, 'std': 0.19607514142990112}}",,,,9,,,,,0,parameter_transfer,,"9,1",,,,1753358316.262362,,,,,,,,,,,,
,,,,,,,,,,,,,ParameterTransferEvent,,,,,,,,,,1,2,,,,"{1: {'norm': 3.317014455795288, 'mean': -0.0068992613814771175, 'std': 0.19533514976501465}}",,,,9,,,,,1,parameter_transfer,,"0,2",,,,1753358316.2624302,,,,,,,,,,,,
,,,,,,,,,,,,,ParameterTransferEvent,,,,,,,,,,1,2,,,,"{2: {'norm': 3.3366129398345947, 'mean': -0.007434029597789049, 'std': 0.1964712142944336}}",,,,9,,,,,2,parameter_transfer,,"1,3",,,,1753358316.2624638,,,,,,,,,,,,
,,,,,,,,,,,,,ParameterTransferEvent,,,,,,,,,,1,2,,,,"{3: {'norm': 3.3304946422576904, 'mean': -0.007055046036839485, 'std': 0.19612443447113037}}",,,,9,,,,,3,parameter_transfer,,"2,4",,,,1753358316.2624943,,,,,,,,,,,,
,,,,,,,,,,,,,ParameterTransferEvent,,,,,,,,,,1,2,,,,"{4: {'norm': 3.332645893096924, 'mean': -0.007208903785794973, 'std': 0.1962456852197647}}",,,,9,,,,,4,parameter_transfer,,"3,5",,,,1753358316.262523,,,,,,,,,,,,
,,,,,,,,,,,,,ParameterTransferEvent,,,,,,,,,,1,2,,,,"{5: {'norm': 3.322481870651245, 'mean': -0.008105851709842682, 'std': 0.19561123847961426}}",,,,9,,,,,5,parameter_transfer,,"4,6",,,,1753358316.2625515,,,,,,,,,,,,
,,,,,,,,,,,,,ParameterTransferEvent,,,,,,,,,,1,2,,,,"{6: {'norm': 3.315312385559082, 'mean': -0.0088379867374897, 'std': 0.19515664875507355}}",,,,9,,,,,6,parameter_transfer,,"5,7",,,,1753358316.2625773,,,,,,,,,,,,
,,,,,,,,,,,,,ParameterTransferEvent,,,,,,,,,,1,2,,,,"{7: {'norm': 3.3104498386383057, 'mean': -0.00859623122960329, 'std': 0.1948806345462799}}",,,,9,,,,,7,parameter_transfer,,"6,8",,,,1753358316.2626033,,,,,,,,,,,,
,,,,,,,,,,,,,ParameterTransferEvent,,,,,,,,,,1,2,,,,"{8: {'norm': 3.3206355571746826, 'mean': -0.009656810201704502, 'std': 0.1954318881034851}}",,,,9,,,,,8,parameter_transfer,,"7,9",,,,1753358316.262628,,,,,,,,,,,,
,,,,,,,,,,,,,ParameterTransferEvent,,,,,,,,,,1,2,,,,"{9: {'norm': 3.309145450592041, 'mean': -0.007905293256044388, 'std': 0.1948329508304596}}",,,,9,,,,,9,parameter_transfer,,"8,0",,,,1753358316.2626548,,,,,,,,,,,,
,,,,0,,,,,,,,,AggregationEvent,,,,,,,,3,,,,,,,,"0,9,1",,,9,,,,,,aggregation,GossipAvg,,,,,1753358316.2626839,,,,,,,,,,,,
,,,,1,,,,,,,,,AggregationEvent,,,,,,,,3,,,,,,,,"1,0,2",,,9,,,,,,aggregation,GossipAvg,,,,,1753358316.2627022,,,,,,,,,,,,
,,,,2,,,,,,,,,AggregationEvent,,,,,,,,3,,,,,,,,"2,1,3",,,9,,,,,,aggregation,GossipAvg,,,,,1753358316.2627168,,,,,,,,,,,,
,,,,3,,,,,,,,,AggregationEvent,,,,,,,,3,,,,,,,,"3,2,4",,,9,,,,,,aggregation,GossipAvg,,,,,1753358316.2627292,,,,,,,,,,,,
,,,,4,,,,,,,,,AggregationEvent,,,,,,,,3,,,,,,,,"4,3,5",,,9,,,,,,aggregation,GossipAvg,,,,,1753358316.2627418,,,,,,,,,,,,
,,,,5,,,,,,,,,AggregationEvent,,,,,,,,3,,,,,,,,"5,4,6",,,9,,,,,,aggregation,GossipAvg,,,,,1753358316.2627528,,,,,,,,,,,,
,,,,6,,,,,,,,,AggregationEvent,,,,,,,,3,,,,,,,,"6,5,7",,,9,,,,,,aggregation,GossipAvg,,,,,1753358316.2628605,,,,,,,,,,,,
,,,,7,,,,,,,,,AggregationEvent,,,,,,,,3,,,,,,,,"7,6,8",,,9,,,,,,aggregation,GossipAvg,,,,,1753358316.2628765,,,,,,,,,,,,
,,,,8,,,,,,,,,AggregationEvent,,,,,,,,3,,,,,,,,"8,7,9",,,9,,,,,,aggregation,GossipAvg,,,,,1753358316.2628891,,,,,,,,,,,,
,,,,9,,,,,,,,,AggregationEvent,,,,,,,,3,,,,,,,,"9,8,0",,,9,,,,,,aggregation,GossipAvg,,,,,1753358316.2629051,,,,,,,,,,,,
,,,,,,,,,,,,,ModelUpdateEvent,,,,,,,,,,,,10,,6.582793022139306,,,,,9,,,,,,model_update,,,,,,1753358316.6351738,,,,,,,,,,,,"0,1,2,3,4,5,6,7,8,9"
0.5132,,,,,,,,,,,,,EvaluationEvent,1.5714238397598266,"{'loss': 1.5714238397598266, 'accuracy': 0.5132}",,,,,,,,,,,,,,,,,9,,,,,,evaluation,,,,,,1753358317.1773803,,,,,,,,,,,,
,,,,,,,,40.0,,,,,ResourceSummaryEvent,,,,,,,,,,,,,,,,,0.09040898237830343,5.676427125930786,9,,6,,,,resource_resource_summary,,,,0.946071187655131,,1753358317.1774414,,,10,33767200,0,,,,,,,
,"0,1,2,3,4,5,6,7,8,9",,,,,,,,,,,,LocalTrainingEvent,,{},,,,10,,,,,,,,,,,,,10,,,,,,local_training,,,,,,1753358317.5655308,,,,,,,,,3,,,
,,0.6,,,,,0.6,,,,"{6: 1.0, 3: 1.0, 7: 1.0, 2: 1.0, 9: 1.0, 5: 1.0}",,SamplingEvent,,,,,,,,,6,,,,,,,,,,10,"[6, 3, 7, 2, 9, 5]",,,,,resource_sampling,,,,,,1753358317.5657222,,10,,,,,,,,,,
,,,,,,0,,,training,,,0,ComputationTimeEvent,,,,-1,,,,,,,,,,,,,,,10,,,,0,,resource_computation_time,,,,,3.635772705078125,1753358321.201371,,,,,,,,,,,,
,,,,,,,,,,,,,ParameterTransferEvent,,,,,,,,,,1,2,,,,"{0: {'norm': 3.3187034130096436, 'mean': -0.00660233199596405, 'std': 0.1954449862241745}}",,,,10,,,,,0,parameter_transfer,,"9,1",,,,1753358321.3185909,,,,,,,,,,,,
,,,,,,,,,,,,,ParameterTransferEvent,,,,,,,,,,1,2,,,,"{1: {'norm': 3.3197896480560303, 'mean': -0.006852796301245689, 'std': 0.1955004185438156}}",,,,10,,,,,1,parameter_transfer,,"0,2",,,,1753358321.3186564,,,,,,,,,,,,
,,,,,,,,,,,,,ParameterTransferEvent,,,,,,,,,,1,2,,,,"{2: {'norm': 3.337766647338867, 'mean': -0.007403901778161526, 'std': 0.19654037058353424}}",,,,10,,,,,2,parameter_transfer,,"1,3",,,,1753358321.3186896,,,,,,,,,,,,
,,,,,,,,,,,,,ParameterTransferEvent,,,,,,,,,,1,2,,,,"{3: {'norm': 3.336048126220703, 'mean': -0.006887940224260092, 'std': 0.19645781815052032}}",,,,10,,,,,3,parameter_transfer,,"2,4",,,,1753358321.3187206,,,,,,,,,,,,
,,,,,,,,,,,,,ParameterTransferEvent,,,,,,,,,,1,2,,,,"{4: {'norm': 3.326441764831543, 'mean': -0.0074790772050619125, 'std': 0.19586972892284393}}",,,,10,,,,,4,parameter_transfer,,"3,5",,,,1753358321.3187473,,,,,,,,,,,,
,,,,,,,,,,,,,ParameterTransferEvent,,,,,,,,,,1,2,,,,"{5: {'norm': 3.33079195022583, 'mean': -0.007465254981070757, 'std': 0.1961267590522766}}",,,,10,,,,,5,parameter_transfer,,"4,6",,,,1753358321.3187742,,,,,,,,,,,,
,,,,,,,,,,,,,ParameterTransferEvent,,,,,,,,,,1,2,,,,"{6: {'norm': 3.319077253341675, 'mean': -0.008706208318471909, 'std': 0.19538462162017822}}",,,,10,,,,,6,parameter_transfer,,"5,7",,,,1753358321.318799,,,,,,,,,,,,
,,,,,,,,,,,,,ParameterTransferEvent,,,,,,,,,,1,2,,,,"{7: {'norm': 3.3205361366271973, 'mean': -0.009434599429368973, 'std': 0.19543686509132385}}",,,,10,,,,,7,parameter_transfer,,"6,8",,,,1753358321.3188236,,,,,,,,,,,,
,,,,,,,,,,,,,ParameterTransferEvent,,,,,,,,,,1,2,,,,"{8: {'norm': 3.316364288330078, 'mean': -0.009250611066818237, 'std': 0.19519957900047302}}",,,,10,,,,,8,parameter_transfer,,"7,9",,,,1753358321.3188486,,,,,,,,,,,,
,,,,,,,,,,,,,ParameterTransferEvent,,,,,,,,,,1,2,,,,"{9: {'norm': 3.3240509033203125, 'mean': -0.008684812113642693, 'std': 0.1956789344549179}}",,,,10,,,,,9,parameter_transfer,,"8,0",,,,1753358321.3188713,,,,,,,,,,,,
,,,,0,,,,,,,,,AggregationEvent,,,,,,,,3,,,,,,,,"0,9,1",,,10,,,,,,aggregation,GossipAvg,,,,,1753358321.3189027,,,,,,,,,,,,
,,,,1,,,,,,,,,AggregationEvent,,,,,,,,3,,,,,,,,"1,0,2",,,10,,,,,,aggregation,GossipAvg,,,,,1753358321.3189206,,,,,,,,,,,,
,,,,2,,,,,,,,,AggregationEvent,,,,,,,,3,,,,,,,,"2,1,3",,,10,,,,,,aggregation,GossipAvg,,,,,1753358321.3189354,,,,,,,,,,,,
,,,,3,,,,,,,,,AggregationEvent,,,,,,,,3,,,,,,,,"3,2,4",,,10,,,,,,aggregation,GossipAvg,,,,,1753358321.31895,,,,,,,,,,,,
,,,,4,,,,,,,,,AggregationEvent,,,,,,,,3,,,,,,,,"4,3,5",,,10,,,,,,aggregation,GossipAvg,,,,,1753358321.3189623,,,,,,,,,,,,
,,,,5,,,,,,,,,AggregationEvent,,,,,,,,3,,,,,,,,"5,4,6",,,10,,,,,,aggregation,GossipAvg,,,,,1753358321.3189757,,,,,,,,,,,,
,,,,6,,,,,,,,,AggregationEvent,,,,,,,,3,,,,,,,,"6,5,7",,,10,,,,,,aggregation,GossipAvg,,,,,1753358321.3191512,,,,,,,,,,,,
,,,,7,,,,,,,,,AggregationEvent,,,,,,,,3,,,,,,,,"7,6,8",,,10,,,,,,aggregation,GossipAvg,,,,,1753358321.3191664,,,,,,,,,,,,
,,,,8,,,,,,,,,AggregationEvent,,,,,,,,3,,,,,,,,"8,7,9",,,10,,,,,,aggregation,GossipAvg,,,,,1753358321.3191772,,,,,,,,,,,,
,,,,9,,,,,,,,,AggregationEvent,,,,,,,,3,,,,,,,,"9,8,0",,,10,,,,,,aggregation,GossipAvg,,,,,1753358321.3191898,,,,,,,,,,,,
,,,,,,,,,,,,,ModelUpdateEvent,,,,,,,,,,,,10,,6.429759482663931,,,,,10,,,,,,model_update,,,,,,1753358321.6979387,,,,,,,,,,,,"0,1,2,3,4,5,6,7,8,9"
0.5759,,,,,,,,,,,,,EvaluationEvent,1.2677083876609803,"{'loss': 1.2677083876609803, 'accuracy': 0.5759}",,,,,,,,,,,,,,,,,10,,,,,,evaluation,,,,,,1753358322.2391465,,,,,,,,,,,,
,,,,,,,,40.0,,,,,ResourceSummaryEvent,,,,,,,,,,,,,,,,,0.12303144183904907,4.680917263031006,10,,6,,,,resource_resource_summary,,,,0.7801528771718343,,1753358322.2392113,,,10,33767200,0,,,,,,,
